img,type
2021-07-14_19.58.43_Region2_tile52.png,Skin
2021-07-14_19.58.43_Region4_tile47.png,Skin
2021-07-14_19.58.43_Region1_tile19.png,Skin
2021-07-12_17.01.28_Region8_tile92.png,Skin
2021-05-07_20.27.28_Region1_tile5.png,Skin
2021-07-14_19.58.43_Region5_tile31.png,Skin
2021-07-14_19.58.43_Region3_tile24.png,Skin
2021-07-14_20.02.54_Region4_tile11.png,Skin
ImageCollection_0000079249_2021-01-29_18_20_28.scn_-_Series_1_Region1_tile2.png,Skin
2021-07-12_16.28.47_Region25_tile1.png,Skin
2021-07-12_17.01.28_Region8_tile43.png,Skin
2021-07-12_17.01.28_Region7_tile4.png,Skin
2021-05-07_20.27.28_Region1_tile20.png,Skin
2021-05-07_18.22.27_Region1_tile27.png,Skin
2021-05-07_18.22.27_Region6_tile44.png,Skin
2021-07-14_20.01.02_Region32_tile21.png,Skin
H2018028863S2-9-2_2020-12-23_11_46_45.scn_-_Series_1_Region9_tile6.png,Skin
2021-07-14_20.01.02_Region8_tile8.png,Skin
2021-07-14_20.02.54_Region1_tile33.png,Skin
2021-07-14_19.58.43_Region3_tile58.png,Skin
2021-07-14_19.58.43_Region3_tile89.png,Skin
H2018028863S2-9-2_2020-12-23_11_46_45.scn_-_Series_1_Region16_tile1.png,Skin
2021-07-12_17.01.28_Region4_tile15.png,Skin
2021-07-12_17.01.28_Region12_tile25.png,Skin
2021-07-14_20.02.54_Region4_tile2.png,Skin
2021-07-14_19.44.36_Region3_tile4.png,Skin
2021-05-07_18.03.28_Region4_tile11.png,Skin
H2018029881S1-1-2_-_2021-07-14_19.28.39_Region4_tile2.png,Skin
2021-07-14_19.58.43_Region2_tile29.png,Skin
H2018028863S2-9-2_2020-12-23_11_46_45.scn_-_Series_1_Region9_tile1.png,Skin
2021-07-14_20.02.54_Region1_tile34.png,Skin
2021-07-14_19.44.36_Region3_tile10.png,Skin
2021-07-12_17.01.28_Region4_tile12.png,Skin
2021-07-12_17.01.28_Region8_tile38.png,Skin
2021-07-12_17.01.28_Region12_tile22.png,Skin
2021-05-07_19.22.18_Region4_tile8.png,Skin
2021-05-07_20.27.28_Region2_tile10.png,Skin
2021-07-14_20.02.54_Region4_tile5.png,Skin
2021-07-14_19.44.36_Region3_tile3.png,Skin
2021-05-07_18.03.28_Region4_tile16.png,Skin
H2018029881S1-1-2_-_2021-07-14_19.28.39_Region4_tile5.png,Skin
2021-07-14_19.58.43_Region4_tile40.png,Skin
2021-07-14_19.58.43_Region2_tile55.png,Skin
2021-07-12_17.01.28_Region8_tile95.png,Skin
2021-07-14_19.58.43_Region3_tile23.png,Skin
2021-07-14_20.02.54_Region1_tile48.png,Skin
2021-05-07_20.27.28_Region1_tile2.png,Skin
2021-07-14_20.02.54_Region4_tile16.png,Skin
ImageCollection_0000079249_2021-01-29_18_20_28.scn_-_Series_1_Region1_tile5.png,Skin
H2018029881S1-1-2_-_2021-07-14_19.28.39_Region1_tile30.png,Skin
2021-07-12_17.01.28_Region8_tile44.png,Skin
2021-07-12_17.01.28_Region7_tile3.png,Skin
2021-07-14_19.58.43_Region1_tile9.png,Skin
2021-05-07_18.22.27_Region1_tile20.png,Skin
2021-05-07_18.22.27_Region6_tile43.png,Skin
2021-07-14_20.01.02_Region32_tile26.png,Skin
2021-07-14_19.58.43_Region4_tile32.png,Skin
2021-07-14_19.58.43_Region2_tile27.png,Skin
2021-07-14_19.58.43_Region3_tile51.png,Skin
2021-07-14_20.01.02_Region8_tile1.png,Skin
2021-07-14_19.58.43_Region3_tile80.png,Skin
2021-05-07_18.22.27_Region1_tile52.png,Skin
2021-05-07_19.22.18_Region4_tile6.png,Skin
2021-07-12_17.01.28_Region10_tile11.png,Skin
2021-05-07_18.22.27_Region6_tile31.png,Skin
2021-05-07_18.22.27_Region6_tile3.png,Skin
2021-07-14_19.58.43_Region1_tile10.png,Skin
2021-07-14_20.02.54_Region4_tile18.png,Skin
2021-07-14_20.02.54_Region1_tile46.png,Skin
2021-07-14_20.02.54_Region5_tile2.png,Skin
2021-07-12_16.28.47_Region17_tile4.png,Skin
2021-05-07_18.22.27_Region3_tile13.png,Skin
2021-07-14_20.01.02_Region32_tile28.png,Skin
2021-07-14_19.58.43_Region1_tile17.png,Skin
2021-07-14_19.58.43_Region4_tile49.png,Skin
2021-07-14_20.02.54_Region1_tile41.png,Skin
2021-07-14_20.02.54_Region5_tile5.png,Skin
2021-07-12_16.28.47_Region17_tile3.png,Skin
2021-05-07_18.22.27_Region1_tile29.png,Skin
2021-05-07_18.03.28_Region5_tile15.png,Skin
2021-05-07_18.22.27_Region3_tile14.png,Skin
H2018028863S2-9-2_2020-12-23_11_46_45.scn_-_Series_1_Region8_tile1.png,Skin
H2018028863S2-9-2_2020-12-23_11_46_45.scn_-_Series_1_Region9_tile8.png,Skin
2021-07-14_19.58.43_Region2_tile20.png,Skin
2021-07-14_19.58.43_Region4_tile35.png,Skin
2021-07-14_20.01.02_Region8_tile6.png,Skin
2021-07-14_19.58.43_Region3_tile87.png,Skin
2021-07-14_19.44.36_Region3_tile19.png,Skin
2021-05-07_19.22.18_Region4_tile1.png,Skin
2021-05-07_18.22.27_Region1_tile55.png,Skin
2021-05-07_18.22.27_Region6_tile36.png,Skin
2021-07-14_19.44.36_Region3_tile50.png,Skin
2021-07-12_17.01.28_Region2_tile47.png,Skin
2021-07-12_17.01.28_Region8_tile78.png,Skin
2021-07-14_19.44.36_Region4_tile33.png,Skin
2021-07-14_20.02.54_Region6_tile2.png,Skin
2021-07-14_19.58.43_Region1_tile22.png,Skin
2021-07-14_19.58.43_Region2_tile69.png,Skin
2021-05-07_18.03.28_Region3_tile2.png,Skin
2021-07-12_16.28.47_Region9_tile8.png,Skin
2021-05-07_18.22.27_Region3_tile21.png,Skin
2021-07-14_20.01.02_Region24_tile3.png,Skin
2021-07-14_19.58.43_Region2_tile7.png,Skin
2021-05-07_18.03.28_Region5_tile20.png,Skin
2021-07-12_16.28.47_Region14_tile4.png,Skin
2021-07-12_17.01.28_Region5_tile4.png,Skin
2021-07-14_19.58.43_Region3_tile63.png,Skin
2021-07-14_19.58.43_Region2_tile15.png,Skin
2021-05-07_18.22.27_Region1_tile60.png,Skin
2021-07-12_17.01.28_Region4_tile29.png,Skin
2021-07-12_16.28.47_Region40_tile2.png,Skin
2021-07-12_17.01.28_Region5_tile3.png,Skin
2021-07-14_19.58.43_Region3_tile9.png,Skin
2021-07-14_19.58.43_Region3_tile64.png,Skin
ImageCollection_0000079197_2021-01-28_18_07_18.scn_-_Series_1_Region13_tile9.png,Skin
2021-07-14_19.58.43_Region2_tile12.png,Skin
2021-07-14_20.02.54_Region3_tile32.png,Skin
2021-07-14_19.29.44_Region3_tile31.png,Skin
2021-05-07_18.22.27_Region1_tile67.png,Skin
2021-07-12_17.01.28_Region12_tile19.png,Skin
2021-07-14_20.02.54_Region6_tile5.png,Skin
2021-07-14_19.58.43_Region3_tile18.png,Skin
2021-07-14_19.58.43_Region1_tile25.png,Skin
H2018028863S2-9-2_2020-12-23_11_46_45.scn_-_Series_1_Region14_tile6.png,Skin
2021-07-14_20.01.02_Region24_tile4.png,Skin
H2018028863S2-9-2_2020-12-23_11_46_45.scn_-_Series_1_Region15_tile1.png,Skin
2021-07-12_17.01.28_Region4_tile27.png,Skin
2021-07-12_17.01.28_Region2_tile32.png,Skin
2021-07-14_19.58.43_Region3_tile7.png,Skin
ImageCollection_0000079197_2021-01-28_18_07_18.scn_-_Series_1_Region13_tile7.png,Skin
2021-05-07_21.28.14_Region1_tile34.png,Skin
2021-07-12_17.01.28_Region12_tile17.png,Skin
2021-05-07_18.22.27_Region1_tile69.png,Skin
2021-07-12_17.01.28_Region8_tile71.png,Skin
2021-07-14_19.58.43_Region3_tile16.png,Skin
2021-07-14_20.02.54_Region4_tile23.png,Skin
2021-05-07_20.27.28_Region2_tile5.png,Skin
2021-07-14_19.58.43_Region2_tile60.png,Skin
2021-07-14_20.02.54_Region3_tile40.png,Skin
2021-07-14_20.01.02_Region32_tile13.png,Skin
2021-07-12_16.28.47_Region9_tile1.png,Skin
2021-05-07_20.27.28_Region1_tile12.png,Skin
2021-07-12_17.01.28_Region4_tile4.png,Skin
2021-05-07_18.22.27_Region1_tile15.png,Skin
2021-07-12_17.01.28_Region8_tile76.png,Skin
2021-07-14_19.58.43_Region3_tile11.png,Skin
2021-05-07_20.27.28_Region2_tile2.png,Skin
2021-07-14_20.02.54_Region4_tile24.png,Skin
2021-07-14_20.01.02_Region32_tile14.png,Skin
2021-07-12_16.28.47_Region9_tile6.png,Skin
2021-07-12_16.28.47_Region41_tile2.png,Skin
2021-05-07_18.22.27_Region6_tile71.png,Skin
2021-07-14_19.58.43_Region2_tile9.png,Skin
2021-07-12_17.01.28_Region4_tile3.png,Skin
2021-07-12_17.01.28_Region4_tile20.png,Skin
2021-05-07_21.28.14_Region1_tile33.png,Skin
2021-07-12_17.01.28_Region12_tile10.png,Skin
2021-05-07_18.22.27_Region6_tile60.png,Skin
2021-05-07_18.22.27_Region3_tile4.png,Skin
2021-07-14_20.02.54_Region4_tile35.png,Skin
2021-07-12_17.01.28_Region11_tile1.png,Skin
2021-07-14_19.58.43_Region5_tile15.png,Skin
2021-07-14_19.58.43_Region2_tile76.png,Skin
2021-07-14_19.44.36_Region6_tile11.png,Skin
2021-07-12_17.01.28_Region8_tile67.png,Skin
2021-07-14_19.58.43_Region5_tile9.png,Skin
H2018029881S1-1-2_-_2021-07-14_19.28.39_Region1_tile13.png,Skin
2021-07-12_17.01.28_Region9_tile11.png,Skin
2021-05-07_21.28.14_Region2_tile8.png,Skin
2021-07-14_19.29.44_Region3_tile29.png,Skin
2021-07-14_19.29.44_Region1_tile6.png,Skin
2021-07-14_19.29.44_Region1_tile14.png,Skin
H2018028863S2-9-2_2020-12-23_11_46_45.scn_-_Series_1_Region12_tile6.png,Skin
2021-05-07_18.03.28_Region5_tile5.png,Skin
2021-07-14_20.02.54_Region1_tile17.png,Skin
2021-07-14_19.58.43_Region1_tile41.png,Skin
2021-05-07_21.28.14_Region1_tile22.png,Skin
2021-07-12_17.01.28_Region9_tile2.png,Skin
2021-07-12_17.01.28_Region2_tile24.png,Skin
2021-07-12_17.01.28_Region4_tile31.png,Skin
2021-07-14_19.44.36_Region3_tile33.png,Skin
H2018029881S1-1-2_-_2021-07-14_19.28.39_Region2_tile24.png,Skin
2021-05-07_18.22.27_Region3_tile45.png,Skin
2021-07-14_19.58.43_Region4_tile7.png,Skin
2021-07-14_19.29.44_Region1_tile13.png,Skin
2021-07-14_19.29.44_Region1_tile1.png,Skin
H2018028863S2-9-2_2020-12-23_11_46_45.scn_-_Series_1_Region12_tile1.png,Skin
2021-05-07_18.03.28_Region5_tile2.png,Skin
2021-07-14_20.02.54_Region1_tile10.png,Skin
2021-07-14_19.58.43_Region4_tile18.png,Skin
2021-05-07_21.28.14_Region1_tile25.png,Skin
2021-07-14_19.58.43_Region1_tile46.png,Skin
2021-07-12_17.01.28_Region9_tile5.png,Skin
2021-07-12_17.01.28_Region4_tile36.png,Skin
2021-07-12_17.01.28_Region2_tile23.png,Skin
H2018029881S1-1-2_-_2021-07-14_19.28.39_Region2_tile23.png,Skin
2021-05-07_18.22.27_Region6_tile67.png,Skin
2021-05-07_18.22.27_Region3_tile39.png,Skin
ImageCollection_0000079249_2021-01-29_18_20_28.scn_-_Series_1_Region5_tile2.png,Skin
2021-07-12_16.28.47_Region18_tile5.png,Skin
2021-07-14_20.01.02_Region32_tile9.png,Skin
2021-07-14_19.29.44_Region2_tile24.png,Skin
2021-05-07_18.22.27_Region3_tile3.png,Skin
2021-07-14_20.02.54_Region4_tile32.png,Skin
2021-07-12_17.01.28_Region11_tile6.png,Skin
2021-07-14_19.58.43_Region2_tile71.png,Skin
2021-05-07_21.28.14_Region2_tile12.png,Skin
2021-07-14_19.44.36_Region3_tile48.png,Skin
2021-07-12_17.01.28_Region8_tile60.png,Skin
H2018029881S1-1-2_-_2021-07-14_19.28.39_Region3_tile29.png,Skin
H2018029881S1-1-2_-_2021-07-14_19.28.39_Region1_tile14.png,Skin
2021-07-14_19.29.44_Region3_tile20.png,Skin
2021-05-07_18.22.27_Region6_tile15.png,Skin
2021-07-12_17.01.28_Region2_tile3.png,Skin
2021-07-14_19.58.43_Region4_tile9.png,Skin
2021-05-07_21.28.14_Region2_tile1.png,Skin
2021-05-07_18.22.27_Region1_tile76.png,Skin
2021-07-12_16.28.47_Region31_tile5.png,Skin
2021-07-12_17.01.28_Region10_tile1.png,Skin
2021-07-14_20.02.54_Region4_tile40.png,Skin
ImageCollection_0000079197_2021-01-28_18_07_18.scn_-_Series_1_Region13_tile13.png,Skin
2021-07-14_19.58.43_Region3_tile75.png,Skin
2021-07-14_20.02.54_Region3_tile23.png,Skin
2021-07-14_19.58.43_Region4_tile16.png,Skin
2021-07-12_17.01.28_Region4_tile38.png,Skin
2021-05-07_18.22.27_Region3_tile37.png,Skin
2021-05-07_18.22.27_Region6_tile69.png,Skin
2021-07-14_20.02.54_Region1_tile5.png,Skin
2021-07-12_17.01.28_Region8_tile2.png,Skin
2021-05-07_18.03.28_Region3_tile23.png,Skin
H2018029881S1-1-2_-_2021-07-14_19.28.39_Region1_tile5.png,Skin
2021-05-07_18.03.28_Region4_tile5.png,Skin
2021-07-14_19.58.43_Region1_tile34.png,Skin
H2018029881S1-1-2_-_2021-07-14_19.28.39_Region3_tile27.png,Skin
2021-07-14_19.44.36_Region3_tile46.png,Skin
2021-07-14_20.01.02_Region23_tile4.png,Skin
2021-07-14_19.44.36_Region4_tile25.png,Skin
2021-05-07_18.22.27_Region3_tile30.png,Skin
2021-07-12_17.01.28_Region8_tile5.png,Skin
2021-07-14_20.02.54_Region1_tile2.png,Skin
2021-07-14_19.44.36_Region6_tile4.png,Skin
2021-05-07_18.03.28_Region3_tile24.png,Skin
2021-07-14_19.58.43_Region2_tile78.png,Skin
2021-05-07_18.03.28_Region4_tile2.png,Skin
H2018029881S1-1-2_-_2021-07-14_19.28.39_Region3_tile20.png,Skin
2021-07-12_17.01.28_Region8_tile69.png,Skin
2021-07-14_19.44.36_Region3_tile41.png,Skin
H2018028863S2-9-2_2020-12-23_11_46_45.scn_-_Series_1_Region13_tile1.png,Skin
2021-07-14_19.44.36_Region4_tile22.png,Skin
2021-07-14_20.01.02_Region23_tile3.png,Skin
2021-07-12_17.01.28_Region2_tile4.png,Skin
2021-05-07_18.22.27_Region6_tile12.png,Skin
2021-07-14_19.29.44_Region3_tile27.png,Skin
2021-05-07_21.28.14_Region2_tile6.png,Skin
2021-05-07_18.22.27_Region1_tile71.png,Skin
2021-07-14_19.29.44_Region1_tile8.png,Skin
2021-07-12_16.28.47_Region31_tile2.png,Skin
2021-07-12_17.01.28_Region10_tile6.png,Skin
2021-07-14_19.58.43_Region3_tile72.png,Skin
2021-07-14_20.02.54_Region1_tile19.png,Skin
ImageCollection_0000079197_2021-01-28_18_07_18.scn_-_Series_1_Region13_tile14.png,Skin
2021-07-14_20.02.54_Region3_tile24.png,Skin
2021-07-14_19.58.43_Region4_tile11.png,Skin
H2018029881S1-1-2_-_2021-07-14_19.28.39_Region2_tile5.png,Skin
2021-05-07_18.03.28_Region3_tile11.png,Skin
2021-07-14_19.29.44_Region2_tile18.png,Skin
2021-05-07_19.22.18_Region2_tile8.png,Skin
2021-07-14_19.29.44_Region3_tile6.png,Skin
H2018029881S1-1-2_-_2021-07-14_19.28.39_Region1_tile28.png,Skin
H2018029881S1-1-2_-_2021-07-14_19.28.39_Region3_tile15.png,Skin
2021-07-14_20.02.54_Region1_tile50.png,Skin
2021-07-12_17.01.28_Region12_tile8.png,Skin
2021-07-12_16.28.47_Region44_tile2.png,Skin
2021-05-07_18.22.27_Region1_tile44.png,Skin
2021-07-14_19.29.44_Region3_tile12.png,Skin
2021-05-07_21.28.14_Region1_tile1.png,Skin
2021-05-07_18.22.27_Region6_tile27.png,Skin
2021-07-12_17.01.28_Region1_tile3.png,Skin
2021-07-12_17.01.28_Region8_tile20.png,Skin
2021-05-07_21.28.14_Region1_tile19.png,Skin
2021-07-14_20.02.54_Region3_tile11.png,Skin
2021-05-07_18.22.27_Region1_tile4.png,Skin
2021-07-14_19.58.43_Region4_tile24.png,Skin
ImageCollection_0000079196_2021-01-28_18_09_40.scn_-_Series_1_Region30_tile6.png,Skin
ImageCollection_0000079197_2021-01-28_18_07_18.scn_-_Series_1_Region13_tile21.png,Skin
2021-05-07_18.22.27_Region1_tile43.png,Skin
2021-07-14_19.29.44_Region2_tile8.png,Skin
2021-05-07_21.28.14_Region1_tile6.png,Skin
2021-05-07_18.22.27_Region6_tile20.png,Skin
2021-07-14_19.29.44_Region3_tile15.png,Skin
2021-07-12_17.01.28_Region1_tile4.png,Skin
H2018029881S1-1-2_-_2021-07-14_19.28.39_Region2_tile18.png,Skin
2021-07-12_17.01.28_Region8_tile27.png,Skin
2021-07-12_17.01.28_Region2_tile18.png,Skin
2021-05-07_18.22.27_Region1_tile3.png,Skin
2021-07-14_20.02.54_Region3_tile16.png,Skin
2021-07-14_19.58.43_Region4_tile23.png,Skin
2021-07-14_19.58.43_Region2_tile36.png,Skin
ImageCollection_0000079196_2021-01-28_18_09_40.scn_-_Series_1_Region30_tile1.png,Skin
2021-07-14_19.58.43_Region3_tile40.png,Skin
H2018029881S1-1-2_-_2021-07-14_19.28.39_Region2_tile2.png,Skin
2021-05-07_18.03.28_Region3_tile16.png,Skin
2021-07-12_16.28.47_Region31_tile17.png,Skin
2021-07-14_19.29.44_Region3_tile1.png,Skin
H2018029881S1-1-2_-_2021-07-14_19.28.39_Region3_tile12.png,Skin
2021-07-12_16.28.47_Region10_tile4.png,Skin
H2019001505S2-10-2_2021-01-28_18_22_59.scn_-_Series_1_Region7_tile2.png,Skin
2021-07-14_19.58.43_Region5_tile29.png,Skin
2021-05-07_19.22.18_Region4_tile10.png,Skin
2021-07-12_16.28.47_Region9_tile13.png,Skin
2021-07-14_19.29.44_Region2_tile6.png,Skin
2021-07-12_17.01.28_Region8_tile104.png,Skin
2021-07-12_16.28.47_Region11_tile3.png,Skin
2021-05-07_21.28.14_Region1_tile8.png,Skin
2021-07-14_19.44.36_Region4_tile3.png,Skin
H2018029881S1-1-2_-_2021-07-14_19.28.39_Region2_tile16.png,Skin
ImageCollection_0000079197_2021-01-28_18_07_18.scn_-_Series_1_Region5_tile5.png,Skin
2021-07-12_17.01.28_Region2_tile16.png,Skin
2021-07-12_17.01.28_Region8_tile29.png,Skin
2021-07-14_20.02.54_Region3_tile5.png,Skin
2021-07-14_19.58.43_Region2_tile38.png,Skin
H2018029881S1-1-2_-_2021-07-14_19.28.39_Region3_tile5.png,Skin
2021-07-14_20.02.54_Region3_tile18.png,Skin
2021-05-07_21.28.14_Region1_tile10.png,Skin
2021-07-14_20.02.54_Region1_tile25.png,Skin
2021-07-12_16.28.47_Region31_tile19.png,Skin
2021-07-14_19.29.44_Region2_tile11.png,Skin
2021-05-07_18.22.27_Region1_tile31.png,Skin
2021-05-07_19.22.18_Region2_tile1.png,Skin
2021-05-07_18.22.27_Region6_tile52.png,Skin
H2018029881S1-1-2_-_2021-07-14_19.28.39_Region1_tile21.png,Skin
2021-07-12_16.28.47_Region45_tile2.png,Skin
2021-07-14_19.58.43_Region2_tile44.png,Skin
2021-07-12_17.01.28_Region12_tile1.png,Skin
2021-07-14_19.58.43_Region3_tile32.png,Skin
2021-07-14_19.58.43_Region5_tile27.png,Skin
2021-07-14_20.01.02_Region32_tile30.png,Skin
2021-07-14_20.01.02_Region21_tile12.png,Skin
2021-07-12_16.28.47_Region14_tile11.png,Skin
2021-05-07_18.22.27_Region1_tile36.png,Skin
2021-07-14_19.29.44_Region2_tile16.png,Skin
2021-05-07_18.22.27_Region6_tile55.png,Skin
2021-05-07_19.22.18_Region2_tile6.png,Skin
H2018029881S1-1-2_-_2021-07-14_19.28.39_Region1_tile26.png,Skin
2021-07-14_19.44.36_Region4_tile19.png,Skin
2021-07-14_19.29.44_Region3_tile8.png,Skin
2021-07-12_16.28.47_Region45_tile5.png,Skin
2021-07-12_17.01.28_Region8_tile52.png,Skin
2021-07-12_17.01.28_Region8_tile83.png,Skin
2021-07-14_19.58.43_Region2_tile43.png,Skin
2021-07-12_17.01.28_Region12_tile6.png,Skin
2021-07-14_19.58.43_Region5_tile20.png,Skin
2021-07-14_19.58.43_Region3_tile35.png,Skin
2021-07-12_16.28.47_Region9_tile14.png,Skin
2021-07-14_19.29.44_Region1_tile21.png,Skin
2021-07-14_20.01.02_Region21_tile3.png,Skin
2021-07-14_19.29.44_Region2_tile1.png,Skin
2021-05-07_18.22.27_Region6_tile29.png,Skin
2021-07-12_16.28.47_Region11_tile4.png,Skin
2021-07-12_17.01.28_Region8_tile103.png,Skin
H2018029881S1-1-2_-_2021-07-14_19.28.39_Region2_tile11.png,Skin
ImageCollection_0000079197_2021-01-28_18_07_18.scn_-_Series_1_Region5_tile2.png,Skin
2021-07-14_19.44.36_Region4_tile4.png,Skin
2021-07-12_17.01.28_Region2_tile11.png,Skin
2021-07-14_20.02.54_Region3_tile2.png,Skin
H2018029881S1-1-2_-_2021-07-14_19.28.39_Region3_tile2.png,Skin
2021-05-07_21.28.14_Region1_tile17.png,Skin
2021-07-14_20.02.54_Region1_tile22.png,Skin
2021-07-14_19.58.43_Region3_tile49.png,Skin
2021-07-12_17.01.28_Region8_tile77.png,Skin
2021-05-07_20.27.28_Region2_tile3.png,Skin
2021-07-14_20.02.54_Region4_tile25.png,Skin
2021-07-12_16.28.47_Region9_tile7.png,Skin
2021-07-14_20.01.02_Region32_tile15.png,Skin
2021-05-07_18.22.27_Region6_tile70.png,Skin
2021-07-12_16.28.47_Region41_tile3.png,Skin
2021-07-12_17.01.28_Region4_tile2.png,Skin
2021-05-07_18.22.27_Region1_tile13.png,Skin
2021-07-14_19.58.43_Region2_tile8.png,Skin
2021-05-07_20.27.28_Region1_tile14.png,Skin
2021-07-12_17.01.28_Region2_tile34.png,Skin
2021-07-12_17.01.28_Region4_tile21.png,Skin
2021-07-14_19.44.36_Region3_tile23.png,Skin
2021-07-14_19.58.43_Region3_tile1.png,Skin
2021-07-14_19.44.36_Region4_tile40.png,Skin
ImageCollection_0000079197_2021-01-28_18_07_18.scn_-_Series_1_Region13_tile1.png,Skin
2021-05-07_21.28.14_Region1_tile32.png,Skin
2021-07-12_17.01.28_Region12_tile11.png,Skin
2021-07-12_17.01.28_Region4_tile26.png,Skin
2021-07-12_17.01.28_Region2_tile33.png,Skin
2021-07-14_19.44.36_Region3_tile24.png,Skin
2021-07-14_19.58.43_Region3_tile6.png,Skin
ImageCollection_0000079197_2021-01-28_18_07_18.scn_-_Series_1_Region13_tile6.png,Skin
2021-07-12_17.01.28_Region12_tile16.png,Skin
2021-05-07_18.22.27_Region1_tile68.png,Skin
2021-07-12_17.01.28_Region8_tile70.png,Skin
2021-07-14_20.02.54_Region4_tile22.png,Skin
2021-05-07_20.27.28_Region2_tile4.png,Skin
2021-07-14_19.58.43_Region3_tile17.png,Skin
2021-07-14_19.58.43_Region2_tile61.png,Skin
2021-07-14_20.01.02_Region32_tile12.png,Skin
H2018028863S2-9-2_2020-12-23_11_46_45.scn_-_Series_1_Region14_tile9.png,Skin
2021-05-07_18.22.27_Region3_tile29.png,Skin
2021-07-12_16.28.47_Region41_tile4.png,Skin
2021-05-07_18.22.27_Region1_tile14.png,Skin
2021-07-12_17.01.28_Region4_tile5.png,Skin
2021-05-07_20.27.28_Region1_tile13.png,Skin
2021-07-12_17.01.28_Region4_tile28.png,Skin
2021-07-14_19.58.43_Region3_tile8.png,Skin
2021-07-12_17.01.28_Region5_tile2.png,Skin
ImageCollection_0000079197_2021-01-28_18_07_18.scn_-_Series_1_Region13_tile8.png,Skin
2021-07-14_19.58.43_Region3_tile65.png,Skin
2021-07-14_20.02.54_Region3_tile33.png,Skin
2021-07-14_19.58.43_Region2_tile13.png,Skin
2021-07-14_19.29.44_Region3_tile30.png,Skin
2021-05-07_18.22.27_Region1_tile66.png,Skin
2021-07-12_17.01.28_Region2_tile41.png,Skin
2021-07-14_19.44.36_Region3_tile56.png,Skin
2021-07-14_20.02.54_Region6_tile4.png,Skin
2021-07-14_19.58.43_Region3_tile19.png,Skin
2021-07-14_19.58.43_Region1_tile24.png,Skin
2021-05-07_18.03.28_Region3_tile4.png,Skin
2021-07-14_20.01.02_Region24_tile5.png,Skin
2021-05-07_18.22.27_Region3_tile27.png,Skin
H2018028863S2-9-2_2020-12-23_11_46_45.scn_-_Series_1_Region14_tile7.png,Skin
2021-07-12_17.01.28_Region8_tile79.png,Skin
H2018029881S1-1-2_-_2021-07-14_19.28.39_Region3_tile30.png,Skin
2021-07-12_17.01.28_Region2_tile46.png,Skin
2021-07-14_19.44.36_Region3_tile51.png,Skin
2021-07-14_20.02.54_Region6_tile3.png,Skin
2021-07-14_19.44.36_Region4_tile32.png,Skin
2021-07-14_19.58.43_Region2_tile68.png,Skin
2021-07-14_19.58.43_Region1_tile23.png,Skin
2021-05-07_18.03.28_Region3_tile3.png,Skin
2021-07-12_16.28.47_Region9_tile9.png,Skin
2021-07-14_20.01.02_Region24_tile2.png,Skin
2021-05-07_18.22.27_Region3_tile20.png,Skin
2021-05-07_18.03.28_Region5_tile21.png,Skin
2021-07-14_19.58.43_Region2_tile6.png,Skin
2021-07-14_19.58.43_Region3_tile62.png,Skin
2021-07-14_20.02.54_Region3_tile34.png,Skin
2021-07-14_19.58.43_Region2_tile14.png,Skin
2021-07-14_19.58.43_Region1_tile16.png,Skin
2021-07-14_20.02.54_Region1_tile40.png,Skin
2021-07-14_20.02.54_Region5_tile4.png,Skin
2021-05-07_18.03.28_Region5_tile14.png,Skin
2021-07-14_19.58.43_Region1_tile1.png,Skin
2021-05-07_18.22.27_Region1_tile28.png,Skin
2021-07-12_16.28.47_Region17_tile2.png,Skin
2021-05-07_18.22.27_Region3_tile15.png,Skin
2021-07-14_19.58.43_Region2_tile21.png,Skin
2021-07-14_19.58.43_Region4_tile34.png,Skin
H2018028863S2-9-2_2020-12-23_11_46_45.scn_-_Series_1_Region9_tile9.png,Skin
2021-07-14_20.01.02_Region8_tile7.png,Skin
2021-07-14_19.58.43_Region3_tile57.png,Skin
2021-07-14_19.58.43_Region3_tile86.png,Skin
2021-07-14_19.44.36_Region3_tile18.png,Skin
2021-07-12_17.01.28_Region8_tile30.png,Skin
2021-05-07_18.22.27_Region1_tile54.png,Skin
2021-05-07_18.22.27_Region6_tile37.png,Skin
H2018028863S2-9-2_2020-12-23_11_46_45.scn_-_Series_1_Region2_tile1.png,Skin
2021-05-07_18.22.27_Region6_tile5.png,Skin
2021-07-14_19.58.43_Region4_tile33.png,Skin
2021-07-14_19.58.43_Region2_tile26.png,Skin
2021-07-14_19.58.43_Region3_tile50.png,Skin
2021-07-14_19.58.43_Region3_tile81.png,Skin
2021-07-12_16.28.47_Region35_tile3.png,Skin
2021-05-07_18.22.27_Region1_tile53.png,Skin
2021-05-07_19.22.18_Region4_tile7.png,Skin
2021-05-07_18.22.27_Region6_tile30.png,Skin
2021-07-12_17.01.28_Region10_tile10.png,Skin
2021-05-07_18.22.27_Region6_tile2.png,Skin
2021-07-12_16.28.47_Region1_tile1.png,Skin
2021-07-14_19.58.43_Region1_tile11.png,Skin
2021-07-14_20.02.54_Region1_tile47.png,Skin
2021-07-14_20.02.54_Region4_tile19.png,Skin
2021-07-14_20.02.54_Region5_tile3.png,Skin
2021-07-14_19.58.43_Region1_tile6.png,Skin
2021-05-07_18.22.27_Region3_tile12.png,Skin
2021-07-14_20.01.02_Region32_tile29.png,Skin
2021-07-14_19.58.43_Region2_tile28.png,Skin
2021-07-14_20.02.54_Region1_tile35.png,Skin
ImageCollection_0000079197_2021-01-28_18_07_18.scn_-_Series_1_Region10_tile1.png,Skin
2021-07-12_17.01.28_Region8_tile39.png,Skin
2021-07-12_17.01.28_Region4_tile13.png,Skin
2021-07-14_19.44.36_Region3_tile11.png,Skin
2021-07-14_20.02.54_Region4_tile4.png,Skin
2021-07-12_17.01.28_Region12_tile23.png,Skin
2021-05-07_20.27.28_Region2_tile11.png,Skin
H2018029881S1-1-2_-_2021-07-14_19.28.39_Region4_tile4.png,Skin
2021-07-12_17.01.28_Region8_tile94.png,Skin
2021-07-14_19.58.43_Region4_tile41.png,Skin
2021-07-14_19.58.43_Region2_tile54.png,Skin
2021-07-14_20.02.54_Region4_tile17.png,Skin
2021-07-14_19.58.43_Region3_tile22.png,Skin
2021-05-07_20.27.28_Region1_tile3.png,Skin
2021-07-12_17.01.28_Region8_tile45.png,Skin
2021-05-07_18.22.27_Region1_tile21.png,Skin
2021-07-14_19.58.43_Region1_tile8.png,Skin
2021-07-12_17.01.28_Region7_tile2.png,Skin
2021-05-07_18.22.27_Region6_tile42.png,Skin
2021-07-14_20.01.02_Region32_tile27.png,Skin
2021-07-12_17.01.28_Region8_tile93.png,Skin
2021-07-14_19.58.43_Region2_tile53.png,Skin
2021-07-14_19.58.43_Region4_tile46.png,Skin
2021-07-14_20.02.54_Region4_tile10.png,Skin
2021-05-07_20.27.28_Region1_tile4.png,Skin
2021-07-14_19.58.43_Region3_tile25.png,Skin
ImageCollection_0000079249_2021-01-29_18_20_28.scn_-_Series_1_Region1_tile3.png,Skin
2021-07-12_17.01.28_Region8_tile42.png,Skin
2021-05-07_18.22.27_Region1_tile26.png,Skin
2021-07-12_17.01.28_Region7_tile5.png,Skin
2021-05-07_18.22.27_Region6_tile45.png,Skin
2021-07-14_20.01.02_Region32_tile20.png,Skin
H2018028863S2-9-2_2020-12-23_11_46_45.scn_-_Series_1_Region9_tile7.png,Skin
2021-07-14_20.02.54_Region1_tile32.png,Skin
2021-07-14_19.58.43_Region3_tile59.png,Skin
2021-07-14_20.01.02_Region8_tile9.png,Skin
2021-07-14_19.58.43_Region3_tile88.png,Skin
2021-07-14_19.44.36_Region3_tile16.png,Skin
2021-07-14_20.02.54_Region4_tile3.png,Skin
2021-05-07_18.03.28_Region4_tile10.png,Skin
2021-07-14_19.44.36_Region3_tile5.png,Skin
2021-05-07_18.22.27_Region6_tile39.png,Skin
2021-05-07_19.22.18_Region2_tile12.png,Skin
H2018029881S1-1-2_-_2021-07-14_19.28.39_Region4_tile3.png,Skin
ImageCollection_0000079246_2021-01-29_18_34_59.scn_-_Series_1_Region3_tile1.png,Skin
2021-07-12_16.28.47_Region14_tile10.png,Skin
2021-07-14_19.29.44_Region2_tile17.png,Skin
2021-05-07_18.22.27_Region1_tile37.png,Skin
2021-05-07_18.22.27_Region6_tile54.png,Skin
2021-05-07_19.22.18_Region2_tile7.png,Skin
2021-07-12_16.28.47_Region45_tile4.png,Skin
2021-07-14_19.29.44_Region3_tile9.png,Skin
H2018029881S1-1-2_-_2021-07-14_19.28.39_Region1_tile27.png,Skin
2021-07-14_19.44.36_Region4_tile18.png,Skin
2021-07-12_17.01.28_Region8_tile53.png,Skin
2021-07-12_17.01.28_Region8_tile82.png,Skin
2021-07-14_19.58.43_Region5_tile21.png,Skin
2021-07-14_19.58.43_Region3_tile34.png,Skin
2021-07-12_17.01.28_Region12_tile7.png,Skin
2021-07-12_16.28.47_Region9_tile15.png,Skin
2021-05-07_19.22.18_Region4_tile16.png,Skin
2021-07-14_20.01.02_Region21_tile2.png,Skin
2021-05-07_18.22.27_Region6_tile28.png,Skin
2021-07-12_17.01.28_Region8_tile102.png,Skin
2021-07-12_16.28.47_Region11_tile5.png,Skin
2021-07-14_19.44.36_Region4_tile5.png,Skin
ImageCollection_0000079197_2021-01-28_18_07_18.scn_-_Series_1_Region5_tile3.png,Skin
H2018029881S1-1-2_-_2021-07-14_19.28.39_Region2_tile10.png,Skin
2021-07-14_20.02.54_Region3_tile3.png,Skin
2021-07-12_17.01.28_Region2_tile10.png,Skin
2021-05-07_21.28.14_Region1_tile16.png,Skin
2021-07-14_20.02.54_Region1_tile23.png,Skin
2021-07-14_19.58.43_Region3_tile48.png,Skin
2021-07-12_16.28.47_Region9_tile12.png,Skin
2021-05-07_19.22.18_Region4_tile11.png,Skin
2021-07-14_19.29.44_Region2_tile7.png,Skin
2021-07-14_20.01.02_Region21_tile5.png,Skin
2021-07-12_16.28.47_Region11_tile2.png,Skin
2021-07-12_17.01.28_Region8_tile105.png,Skin
ImageCollection_0000079197_2021-01-28_18_07_18.scn_-_Series_1_Region5_tile4.png,Skin
H2018029881S1-1-2_-_2021-07-14_19.28.39_Region2_tile17.png,Skin
2021-07-14_19.44.36_Region4_tile2.png,Skin
2021-07-14_20.02.54_Region3_tile4.png,Skin
2021-07-12_17.01.28_Region8_tile28.png,Skin
2021-07-12_17.01.28_Region2_tile17.png,Skin
2021-05-07_21.28.14_Region1_tile11.png,Skin
2021-07-14_20.02.54_Region3_tile19.png,Skin
H2018029881S1-1-2_-_2021-07-14_19.28.39_Region3_tile4.png,Skin
2021-07-14_20.02.54_Region1_tile24.png,Skin
2021-05-07_18.03.28_Region3_tile19.png,Skin
2021-07-12_16.28.47_Region31_tile18.png,Skin
2021-05-07_18.22.27_Region1_tile30.png,Skin
2021-07-14_19.29.44_Region2_tile10.png,Skin
2021-05-07_18.22.27_Region6_tile53.png,Skin
2021-07-12_16.28.47_Region45_tile3.png,Skin
H2018029881S1-1-2_-_2021-07-14_19.28.39_Region1_tile20.png,Skin
2021-07-12_17.01.28_Region8_tile54.png,Skin
2021-07-14_19.58.43_Region2_tile45.png,Skin
2021-07-12_17.01.28_Region8_tile85.png,Skin
2021-07-14_19.58.43_Region3_tile33.png,Skin
2021-07-14_19.58.43_Region5_tile26.png,Skin
2021-05-07_19.28.32_Region1_tile1.png,Skin
2021-05-07_18.22.27_Region1_tile42.png,Skin
2021-07-14_19.29.44_Region2_tile9.png,Skin
2021-07-12_16.28.47_Region44_tile4.png,Skin
2021-07-12_17.01.28_Region1_tile5.png,Skin
2021-07-14_19.29.44_Region3_tile14.png,Skin
2021-05-07_18.22.27_Region6_tile21.png,Skin
H2018029881S1-1-2_-_2021-07-14_19.28.39_Region2_tile19.png,Skin
2021-07-14_19.58.43_Region3_tile90.png,Skin
2021-07-12_17.01.28_Region2_tile19.png,Skin
2021-07-12_17.01.28_Region8_tile26.png,Skin
2021-07-14_19.58.43_Region2_tile37.png,Skin
2021-05-07_18.22.27_Region1_tile2.png,Skin
2021-07-14_20.02.54_Region3_tile17.png,Skin
2021-07-14_19.58.43_Region3_tile41.png,Skin
H2018029881S1-1-2_-_2021-07-14_19.28.39_Region2_tile3.png,Skin
2021-07-12_16.28.47_Region31_tile16.png,Skin
2021-07-14_19.44.36_Region4_tile11.png,Skin
2021-07-12_16.28.47_Region10_tile5.png,Skin
H2018029881S1-1-2_-_2021-07-14_19.28.39_Region3_tile13.png,Skin
2021-07-14_19.58.43_Region5_tile28.png,Skin
H2018029881S1-1-2_-_2021-07-14_19.28.39_Region2_tile4.png,Skin
2021-07-12_16.28.47_Region31_tile11.png,Skin
2021-07-14_19.29.44_Region2_tile19.png,Skin
2021-05-07_18.22.27_Region1_tile39.png,Skin
2021-05-07_18.03.28_Region3_tile10.png,Skin
2021-05-07_19.22.18_Region2_tile9.png,Skin
2021-07-14_19.44.36_Region4_tile16.png,Skin
H2018029881S1-1-2_-_2021-07-14_19.28.39_Region1_tile29.png,Skin
H2018029881S1-1-2_-_2021-07-14_19.28.39_Region3_tile14.png,Skin
2021-07-12_16.28.47_Region10_tile2.png,Skin
2021-07-12_17.01.28_Region12_tile9.png,Skin
2021-07-14_20.02.54_Region1_tile51.png,Skin
2021-07-12_16.28.47_Region44_tile3.png,Skin
2021-07-12_17.01.28_Region1_tile2.png,Skin
2021-05-07_18.22.27_Region6_tile26.png,Skin
2021-07-14_19.29.44_Region3_tile13.png,Skin
2021-07-12_17.01.28_Region8_tile21.png,Skin
2021-07-14_19.58.43_Region2_tile30.png,Skin
2021-07-14_19.58.43_Region4_tile25.png,Skin
2021-07-14_20.02.54_Region3_tile10.png,Skin
2021-05-07_18.22.27_Region1_tile5.png,Skin
2021-07-14_19.58.43_Region3_tile46.png,Skin
2021-07-12_17.01.28_Region8_tile4.png,Skin
2021-07-14_20.02.54_Region1_tile3.png,Skin
2021-05-07_18.22.27_Region3_tile31.png,Skin
2021-05-07_21.28.14_Region8_tile6.png,Skin
2021-07-14_20.01.02_Region32_tile1.png,Skin
2021-07-14_19.44.36_Region6_tile5.png,Skin
2021-05-07_18.03.28_Region3_tile25.png,Skin
2021-07-12_16.28.47_Region5_tile1.png,Skin
H2018029881S1-1-2_-_2021-07-14_19.28.39_Region1_tile3.png,Skin
2021-07-14_19.58.43_Region1_tile32.png,Skin
2021-05-07_18.03.28_Region4_tile3.png,Skin
2021-07-14_19.58.43_Region2_tile79.png,Skin
2021-07-14_19.44.36_Region3_tile40.png,Skin
H2018029881S1-1-2_-_2021-07-14_19.28.39_Region3_tile21.png,Skin
2021-07-12_17.01.28_Region4_tile42.png,Skin
2021-07-14_19.44.36_Region4_tile23.png,Skin
2021-07-14_20.01.02_Region23_tile2.png,Skin
2021-05-07_21.28.14_Region2_tile7.png,Skin
2021-07-12_17.01.28_Region2_tile5.png,Skin
2021-07-14_19.29.44_Region3_tile26.png,Skin
2021-05-07_18.22.27_Region6_tile13.png,Skin
2021-07-14_19.29.44_Region1_tile9.png,Skin
2021-07-12_16.28.47_Region31_tile3.png,Skin
2021-05-07_18.22.27_Region1_tile70.png,Skin
2021-07-12_17.01.28_Region10_tile7.png,Skin
2021-07-14_19.58.43_Region3_tile73.png,Skin
2021-07-14_20.02.54_Region1_tile18.png,Skin
2021-07-14_20.02.54_Region3_tile25.png,Skin
2021-07-12_17.01.28_Region8_tile14.png,Skin
2021-05-07_18.22.27_Region6_tile14.png,Skin
2021-07-14_19.29.44_Region3_tile21.png,Skin
2021-07-14_19.58.43_Region4_tile8.png,Skin
2021-07-12_17.01.28_Region2_tile2.png,Skin
2021-07-12_16.28.47_Region31_tile4.png,Skin
2021-05-07_18.22.27_Region1_tile77.png,Skin
ImageCollection_0000079197_2021-01-28_18_07_18.scn_-_Series_1_Region13_tile12.png,Skin
2021-07-14_19.58.43_Region3_tile74.png,Skin
H2018028863S2-9-2_2020-12-23_11_46_45.scn_-_Series_1_Region6_tile1.png,Skin
2021-07-14_19.58.43_Region4_tile17.png,Skin
2021-07-14_20.02.54_Region3_tile22.png,Skin
2021-07-12_17.01.28_Region8_tile13.png,Skin
2021-07-12_17.01.28_Region4_tile39.png,Skin
2021-07-14_20.02.54_Region1_tile4.png,Skin
2021-05-07_18.22.27_Region6_tile68.png,Skin
2021-07-12_17.01.28_Region8_tile3.png,Skin
2021-05-07_21.28.14_Region8_tile1.png,Skin
2021-05-07_18.22.27_Region3_tile36.png,Skin
2021-05-07_18.03.28_Region3_tile22.png,Skin
2021-07-14_19.44.36_Region6_tile2.png,Skin
H2018029881S1-1-2_-_2021-07-14_19.28.39_Region1_tile4.png,Skin
2021-07-12_17.01.28_Region11_tile9.png,Skin
2021-07-14_19.58.43_Region1_tile35.png,Skin
2021-05-07_18.03.28_Region4_tile4.png,Skin
2021-07-14_19.44.36_Region3_tile47.png,Skin
2021-07-14_19.58.43_Region5_tile1.png,Skin
H2018029881S1-1-2_-_2021-07-14_19.28.39_Region3_tile26.png,Skin
2021-07-14_19.44.36_Region4_tile24.png,Skin
2021-07-14_19.58.43_Region4_tile6.png,Skin
2021-05-07_18.22.27_Region3_tile44.png,Skin
2021-07-14_19.29.44_Region1_tile12.png,Skin
2021-07-14_20.02.54_Region1_tile11.png,Skin
2021-05-07_21.28.14_Region1_tile24.png,Skin
2021-07-14_19.58.43_Region4_tile19.png,Skin
2021-07-14_19.44.36_Region3_tile35.png,Skin
2021-07-12_17.01.28_Region4_tile37.png,Skin
2021-07-12_17.01.28_Region2_tile22.png,Skin
2021-07-12_17.01.28_Region9_tile4.png,Skin
H2018029881S1-1-2_-_2021-07-14_19.28.39_Region2_tile22.png,Skin
2021-05-07_18.22.27_Region3_tile38.png,Skin
ImageCollection_0000079249_2021-01-29_18_20_28.scn_-_Series_1_Region5_tile3.png,Skin
2021-07-14_20.01.02_Region32_tile8.png,Skin
2021-07-14_19.29.44_Region2_tile25.png,Skin
2021-05-07_18.22.27_Region3_tile2.png,Skin
2021-07-14_19.58.43_Region5_tile13.png,Skin
2021-07-12_17.01.28_Region11_tile7.png,Skin
2021-07-14_20.02.54_Region4_tile33.png,Skin
H2018029881S1-1-2_-_2021-07-14_19.28.39_Region3_tile28.png,Skin
2021-07-12_17.01.28_Region8_tile61.png,Skin
2021-07-14_19.44.36_Region3_tile49.png,Skin
H2018029881S1-1-2_-_2021-07-14_19.28.39_Region1_tile15.png,Skin
2021-07-12_16.28.47_Region18_tile3.png,Skin
2021-05-07_18.22.27_Region6_tile61.png,Skin
2021-07-14_19.29.44_Region2_tile22.png,Skin
H2018028863S2-9-2_2020-12-23_11_46_45.scn_-_Series_1_Region7_tile1.png,Skin
2021-07-14_19.58.43_Region5_tile14.png,Skin
2021-07-14_20.02.54_Region4_tile34.png,Skin
2021-07-14_19.58.43_Region2_tile77.png,Skin
2021-07-14_19.44.36_Region6_tile10.png,Skin
2021-07-14_19.58.43_Region5_tile8.png,Skin
2021-07-12_17.01.28_Region8_tile66.png,Skin
2021-07-12_17.01.28_Region1_tile12.png,Skin
2021-07-12_17.01.28_Region9_tile10.png,Skin
H2018029881S1-1-2_-_2021-07-14_19.28.39_Region1_tile12.png,Skin
2021-07-14_19.29.44_Region3_tile28.png,Skin
2021-07-14_19.58.43_Region4_tile1.png,Skin
2021-05-07_21.28.14_Region2_tile9.png,Skin
2021-05-07_18.22.27_Region3_tile43.png,Skin
H2018028863S2-9-2_2020-12-23_11_46_45.scn_-_Series_1_Region12_tile7.png,Skin
2021-07-14_19.29.44_Region1_tile15.png,Skin
2021-07-14_19.29.44_Region1_tile7.png,Skin
2021-07-12_17.01.28_Region10_tile9.png,Skin
2021-05-07_18.03.28_Region5_tile4.png,Skin
2021-07-14_19.58.43_Region1_tile40.png,Skin
2021-05-07_21.28.14_Region1_tile23.png,Skin
2021-07-14_19.44.36_Region3_tile32.png,Skin
2021-07-12_17.01.28_Region2_tile25.png,Skin
2021-07-12_17.01.28_Region4_tile30.png,Skin
2021-07-12_17.01.28_Region9_tile3.png,Skin
H2018029881S1-1-2_-_2021-07-14_19.28.39_Region2_tile25.png,Skin
2021-05-07_19.22.18_Region4_tile12.png,Skin
2021-07-12_16.28.47_Region9_tile11.png,Skin
2021-07-12_17.01.28_Region1_tile8.png,Skin
2021-07-14_19.29.44_Region3_tile19.png,Skin
2021-07-12_16.28.47_Region11_tile1.png,Skin
2021-07-14_19.29.44_Region1_tile24.png,Skin
2021-07-14_20.01.02_Region21_tile6.png,Skin
2021-07-14_19.29.44_Region2_tile4.png,Skin
2021-07-12_17.01.28_Region2_tile14.png,Skin
2021-07-14_20.02.54_Region3_tile7.png,Skin
H2018029881S1-1-2_-_2021-07-14_19.28.39_Region2_tile14.png,Skin
2021-07-14_19.44.36_Region4_tile1.png,Skin
2021-07-14_20.02.54_Region1_tile27.png,Skin
H2018029881S1-1-2_-_2021-07-14_19.28.39_Region3_tile7.png,Skin
2021-05-07_21.28.14_Region1_tile12.png,Skin
2021-05-07_18.22.27_Region6_tile50.png,Skin
2021-05-07_19.22.18_Region2_tile3.png,Skin
2021-05-07_18.22.27_Region1_tile33.png,Skin
2021-07-14_19.29.44_Region2_tile13.png,Skin
H2018029881S1-1-2_-_2021-07-14_19.28.39_Region1_tile23.png,Skin
2021-07-12_17.01.28_Region12_tile3.png,Skin
2021-07-14_19.58.43_Region5_tile25.png,Skin
2021-07-14_19.58.43_Region3_tile30.png,Skin
2021-07-12_17.01.28_Region8_tile86.png,Skin
2021-07-14_19.58.43_Region2_tile46.png,Skin
ImageCollection_0000079246_2021-01-29_18_34_59.scn_-_Series_1_Region3_tile2.png,Skin
H2018029881S1-1-2_-_2021-07-14_19.28.39_Region2_tile9.png,Skin
2021-07-14_20.01.02_Region32_tile32.png,Skin
2021-05-07_19.22.18_Region2_tile4.png,Skin
2021-05-07_18.22.27_Region6_tile57.png,Skin
H2018029881S1-1-2_-_2021-07-14_19.28.39_Region3_tile19.png,Skin
2021-07-12_17.01.28_Region8_tile50.png,Skin
H2018029881S1-1-2_-_2021-07-14_19.28.39_Region1_tile24.png,Skin
2021-07-12_17.01.28_Region12_tile4.png,Skin
2021-07-14_19.58.43_Region3_tile37.png,Skin
2021-07-14_19.58.43_Region5_tile22.png,Skin
2021-07-12_17.01.28_Region8_tile81.png,Skin
2021-07-14_19.58.43_Region2_tile41.png,Skin
2021-05-07_19.22.18_Region4_tile15.png,Skin
2021-07-12_17.01.28_Region8_tile101.png,Skin
2021-07-12_16.28.47_Region11_tile6.png,Skin
2021-07-14_19.29.44_Region1_tile23.png,Skin
2021-07-14_19.29.44_Region2_tile3.png,Skin
2021-05-07_18.22.27_Region1_tile48.png,Skin
2021-07-14_20.01.02_Region21_tile1.png,Skin
2021-07-12_17.01.28_Region2_tile13.png,Skin
2021-07-14_19.44.36_Region4_tile6.png,Skin
H2018029881S1-1-2_-_2021-07-14_19.28.39_Region2_tile13.png,Skin
2021-07-14_19.58.43_Region4_tile28.png,Skin
2021-05-07_21.28.14_Region1_tile15.png,Skin
2021-05-07_18.22.27_Region1_tile8.png,Skin
H2018029881S1-1-2_-_2021-07-14_19.28.39_Region2_tile7.png,Skin
2021-05-07_18.22.27_Region6_tile59.png,Skin
2021-05-07_18.03.28_Region3_tile13.png,Skin
2021-07-12_16.28.47_Region31_tile12.png,Skin
H2018029881S1-1-2_-_2021-07-14_19.28.39_Region3_tile17.png,Skin
2021-07-12_16.28.47_Region10_tile1.png,Skin
2021-07-14_19.29.44_Region3_tile4.png,Skin
2021-07-14_19.44.36_Region4_tile15.png,Skin
2021-07-14_20.02.54_Region1_tile52.png,Skin
2021-07-14_19.58.43_Region3_tile39.png,Skin
2021-05-07_18.22.27_Region6_tile25.png,Skin
2021-07-14_19.29.44_Region3_tile10.png,Skin
2021-07-12_17.01.28_Region1_tile1.png,Skin
2021-05-07_18.22.27_Region1_tile46.png,Skin
2021-07-12_17.01.28_Region8_tile22.png,Skin
2021-07-14_19.44.36_Region4_tile8.png,Skin
2021-07-14_20.01.02_Region13_tile3.png,Skin
ImageCollection_0000079196_2021-01-28_18_09_40.scn_-_Series_1_Region30_tile4.png,Skin
ImageCollection_0000079197_2021-01-28_18_07_18.scn_-_Series_1_Region13_tile23.png,Skin
2021-05-07_18.22.27_Region1_tile6.png,Skin
2021-07-14_20.02.54_Region3_tile13.png,Skin
2021-07-14_19.58.43_Region4_tile26.png,Skin
2021-07-14_19.58.43_Region2_tile33.png,Skin
2021-07-14_19.29.44_Region3_tile17.png,Skin
2021-05-07_21.28.14_Region1_tile4.png,Skin
2021-05-07_18.22.27_Region6_tile22.png,Skin
2021-07-12_17.01.28_Region1_tile6.png,Skin
2021-07-14_20.01.02_Region21_tile8.png,Skin
2021-05-07_18.22.27_Region1_tile41.png,Skin
2021-07-14_20.02.54_Region3_tile9.png,Skin
2021-07-12_17.01.28_Region8_tile25.png,Skin
2021-07-14_20.01.02_Region13_tile4.png,Skin
ImageCollection_0000079196_2021-01-28_18_09_40.scn_-_Series_1_Region30_tile3.png,Skin
2021-07-14_19.58.43_Region3_tile42.png,Skin
2021-07-14_20.02.54_Region3_tile14.png,Skin
2021-05-07_18.22.27_Region1_tile1.png,Skin
H2018029881S1-1-2_-_2021-07-14_19.28.39_Region3_tile9.png,Skin
2021-07-14_19.58.43_Region2_tile34.png,Skin
2021-07-14_19.58.43_Region4_tile21.png,Skin
2021-07-14_20.01.02_Region5_tile2.png,Skin
2021-05-07_18.03.28_Region3_tile14.png,Skin
2021-07-12_16.28.47_Region31_tile15.png,Skin
2021-07-12_17.01.28_Region8_tile59.png,Skin
H2018029881S1-1-2_-_2021-07-14_19.28.39_Region3_tile10.png,Skin
2021-07-14_19.44.36_Region4_tile12.png,Skin
2021-07-14_20.02.54_Region1_tile55.png,Skin
2021-07-14_19.58.43_Region2_tile48.png,Skin
2021-07-12_17.01.28_Region8_tile88.png,Skin
2021-05-07_18.22.27_Region1_tile74.png,Skin
2021-07-12_16.28.47_Region31_tile7.png,Skin
2021-07-12_17.01.28_Region2_tile1.png,Skin
2021-05-07_18.22.27_Region6_tile17.png,Skin
2021-07-14_19.29.44_Region3_tile22.png,Skin
2021-05-07_21.28.14_Region2_tile3.png,Skin
2021-07-14_20.01.02_Region8_tile10.png,Skin
2021-07-12_17.01.28_Region10_tile3.png,Skin
2021-05-07_21.28.14_Region1_tile29.png,Skin
2021-07-14_19.58.43_Region4_tile14.png,Skin
H2018028863S2-9-2_2020-12-23_11_46_45.scn_-_Series_1_Region6_tile2.png,Skin
2021-07-14_19.58.43_Region3_tile77.png,Skin
ImageCollection_0000079197_2021-01-28_18_07_18.scn_-_Series_1_Region13_tile11.png,Skin
2021-07-14_19.44.36_Region3_tile38.png,Skin
2021-07-12_17.01.28_Region9_tile9.png,Skin
2021-07-14_19.44.36_Region6_tile1.png,Skin
2021-05-07_18.03.28_Region3_tile21.png,Skin
2021-07-12_16.28.47_Region31_tile20.png,Skin
2021-07-14_19.29.44_Region2_tile28.png,Skin
2021-05-07_18.22.27_Region3_tile35.png,Skin
2021-07-14_20.01.02_Region32_tile5.png,Skin
2021-05-07_21.28.14_Region8_tile2.png,Skin
2021-07-14_20.02.54_Region1_tile7.png,Skin
H2018029881S1-1-2_-_2021-07-14_19.28.39_Region1_tile7.png,Skin
2021-05-07_18.03.28_Region4_tile7.png,Skin
2021-07-14_19.58.43_Region1_tile36.png,Skin
2021-07-14_19.44.36_Region4_tile27.png,Skin
H2018029881S1-1-2_-_2021-07-14_19.28.39_Region1_tile18.png,Skin
2021-07-14_20.01.02_Region23_tile6.png,Skin
H2018029881S1-1-2_-_2021-07-14_19.28.39_Region3_tile25.png,Skin
2021-07-14_19.58.43_Region5_tile2.png,Skin
2021-05-07_18.03.28_Region3_tile26.png,Skin
2021-07-14_19.44.36_Region6_tile6.png,Skin
2021-07-14_20.01.02_Region32_tile2.png,Skin
2021-05-07_21.28.14_Region8_tile5.png,Skin
2021-05-07_18.22.27_Region3_tile32.png,Skin
2021-07-12_17.01.28_Region8_tile7.png,Skin
2021-05-07_18.22.27_Region3_tile8.png,Skin
2021-07-12_16.28.47_Region5_tile2.png,Skin
2021-07-14_19.58.43_Region1_tile31.png,Skin
2021-07-14_19.58.43_Region5_tile19.png,Skin
2021-07-14_20.02.54_Region4_tile39.png,Skin
2021-07-14_19.44.36_Region4_tile20.png,Skin
2021-07-12_17.01.28_Region4_tile41.png,Skin
2021-07-14_19.58.43_Region5_tile5.png,Skin
H2018029881S1-1-2_-_2021-07-14_19.28.39_Region3_tile22.png,Skin
2021-07-14_19.44.36_Region3_tile43.png,Skin
2021-05-07_18.22.27_Region1_tile73.png,Skin
2021-07-14_19.29.44_Region1_tile18.png,Skin
2021-07-14_19.29.44_Region3_tile25.png,Skin
2021-05-07_18.22.27_Region6_tile10.png,Skin
2021-07-12_17.01.28_Region2_tile6.png,Skin
2021-05-07_21.28.14_Region2_tile4.png,Skin
2021-05-07_18.03.28_Region5_tile9.png,Skin
2021-07-12_17.01.28_Region10_tile4.png,Skin
2021-07-14_20.02.54_Region3_tile26.png,Skin
2021-07-14_19.58.43_Region4_tile13.png,Skin
ImageCollection_0000079197_2021-01-28_18_07_18.scn_-_Series_1_Region13_tile16.png,Skin
2021-07-14_19.58.43_Region3_tile70.png,Skin
2021-07-12_17.01.28_Region2_tile28.png,Skin
2021-07-12_17.01.28_Region8_tile17.png,Skin
2021-07-14_19.29.44_Region2_tile21.png,Skin
2021-05-07_18.03.28_Region3_tile28.png,Skin
2021-07-14_19.44.36_Region6_tile8.png,Skin
2021-07-12_17.01.28_Region8_tile9.png,Skin
2021-05-07_18.22.27_Region6_tile62.png,Skin
2021-05-07_18.22.27_Region3_tile6.png,Skin
H2018028863S2-9-2_2020-12-23_11_46_45.scn_-_Series_1_Region7_tile2.png,Skin
2021-07-14_19.58.43_Region2_tile74.png,Skin
2021-07-14_19.58.43_Region5_tile17.png,Skin
2021-07-12_17.01.28_Region11_tile3.png,Skin
H2018029881S1-1-2_-_2021-07-14_19.28.39_Region1_tile11.png,Skin
2021-07-12_17.01.28_Region1_tile11.png,Skin
2021-07-12_17.01.28_Region8_tile65.png,Skin
2021-07-14_19.44.36_Region6_tile13.png,Skin
2021-07-14_19.29.44_Region1_tile16.png,Skin
2021-07-14_19.29.44_Region1_tile4.png,Skin
H2018028863S2-9-2_2020-12-23_11_46_45.scn_-_Series_1_Region12_tile4.png,Skin
2021-05-07_18.22.27_Region3_tile40.png,Skin
2021-07-12_17.01.28_Region2_tile8.png,Skin
2021-07-14_19.58.43_Region4_tile2.png,Skin
2021-05-07_18.03.28_Region5_tile7.png,Skin
2021-05-07_21.28.14_Region1_tile20.png,Skin
2021-07-14_20.02.54_Region3_tile28.png,Skin
2021-07-14_19.58.43_Region1_tile43.png,Skin
ImageCollection_0000079197_2021-01-28_18_07_18.scn_-_Series_1_Region13_tile18.png,Skin
2021-07-12_17.01.28_Region8_tile19.png,Skin
2021-07-12_17.01.28_Region4_tile33.png,Skin
2021-07-12_17.01.28_Region2_tile26.png,Skin
2021-07-14_19.44.36_Region3_tile31.png,Skin
2021-07-12_16.28.47_Region31_tile9.png,Skin
2021-07-14_19.29.44_Region1_tile11.png,Skin
H2018028863S2-9-2_2020-12-23_11_46_45.scn_-_Series_1_Region12_tile3.png,Skin
2021-05-07_18.22.27_Region3_tile47.png,Skin
2021-05-07_18.22.27_Region6_tile19.png,Skin
2021-07-14_19.58.43_Region4_tile5.png,Skin
2021-05-07_21.28.14_Region1_tile27.png,Skin
2021-07-14_20.02.54_Region1_tile12.png,Skin
2021-07-14_19.58.43_Region3_tile79.png,Skin
2021-07-12_17.01.28_Region9_tile7.png,Skin
2021-07-12_17.01.28_Region2_tile21.png,Skin
2021-07-12_17.01.28_Region4_tile34.png,Skin
2021-07-14_19.44.36_Region3_tile36.png,Skin
2021-07-14_19.29.44_Region2_tile26.png,Skin
2021-05-07_18.22.27_Region6_tile65.png,Skin
2021-05-07_18.22.27_Region3_tile1.png,Skin
H2018029881S1-1-2_-_2021-07-14_19.28.39_Region1_tile9.png,Skin
2021-07-14_19.58.43_Region1_tile38.png,Skin
2021-05-07_21.28.14_Region2_tile10.png,Skin
2021-05-07_18.03.28_Region4_tile9.png,Skin
2021-07-14_19.58.43_Region2_tile73.png,Skin
2021-07-12_17.01.28_Region11_tile4.png,Skin
H2018029881S1-1-2_-_2021-07-14_19.28.39_Region1_tile16.png,Skin
2021-07-14_19.44.36_Region4_tile29.png,Skin
2021-07-14_19.44.36_Region6_tile14.png,Skin
2021-07-12_17.01.28_Region8_tile62.png,Skin
2021-07-14_19.58.43_Region3_tile5.png,Skin
2021-07-14_19.44.36_Region3_tile27.png,Skin
2021-07-12_17.01.28_Region4_tile25.png,Skin
2021-05-07_21.28.14_Region1_tile36.png,Skin
ImageCollection_0000079197_2021-01-28_18_07_18.scn_-_Series_1_Region13_tile5.png,Skin
2021-07-14_19.58.43_Region3_tile68.png,Skin
2021-07-12_17.01.28_Region12_tile15.png,Skin
2021-07-14_20.02.54_Region6_tile9.png,Skin
2021-07-14_19.44.36_Region4_tile38.png,Skin
2021-07-12_17.01.28_Region8_tile73.png,Skin
2021-07-14_19.58.43_Region2_tile62.png,Skin
2021-07-14_19.58.43_Region1_tile29.png,Skin
2021-07-14_19.58.43_Region3_tile14.png,Skin
2021-05-07_20.27.28_Region2_tile7.png,Skin
2021-07-14_20.02.54_Region4_tile21.png,Skin
2021-07-14_20.01.02_Region32_tile11.png,Skin
2021-07-12_16.28.47_Region9_tile3.png,Skin
2021-05-07_18.03.28_Region3_tile9.png,Skin
2021-05-07_20.27.28_Region1_tile10.png,Skin
2021-07-12_17.01.28_Region4_tile6.png,Skin
2021-07-14_20.01.02_Region24_tile8.png,Skin
2021-07-12_17.01.28_Region8_tile74.png,Skin
2021-07-14_19.58.43_Region2_tile65.png,Skin
2021-07-14_20.02.54_Region4_tile26.png,Skin
2021-07-14_20.01.02_Region32_tile16.png,Skin
2021-05-07_20.27.28_Region1_tile17.png,Skin
2021-07-12_16.28.47_Region14_tile8.png,Skin
2021-07-14_19.29.44_Region2_tile30.png,Skin
2021-05-07_18.22.27_Region1_tile10.png,Skin
2021-07-14_19.58.43_Region3_tile2.png,Skin
2021-07-14_19.44.36_Region3_tile20.png,Skin
2021-07-12_17.01.28_Region4_tile22.png,Skin
2021-07-12_17.01.28_Region2_tile37.png,Skin
2021-05-07_21.28.14_Region1_tile31.png,Skin
2021-07-14_19.58.43_Region2_tile19.png,Skin
ImageCollection_0000079197_2021-01-28_18_07_18.scn_-_Series_1_Region13_tile2.png,Skin
2021-07-12_17.01.28_Region12_tile12.png,Skin
2021-07-14_19.44.36_Region4_tile31.png,Skin
2021-07-14_19.44.36_Region3_tile52.png,Skin
2021-07-12_17.01.28_Region2_tile45.png,Skin
2021-07-14_19.58.43_Region1_tile20.png,Skin
2021-07-14_20.02.54_Region4_tile28.png,Skin
2021-07-14_20.01.02_Region32_tile18.png,Skin
2021-07-14_19.58.43_Region2_tile5.png,Skin
2021-07-12_16.28.47_Region14_tile6.png,Skin
2021-05-07_20.27.28_Region1_tile19.png,Skin
2021-05-07_18.03.28_Region5_tile22.png,Skin
H2018028863S2-9-2_2020-12-23_11_46_45.scn_-_Series_1_Region14_tile3.png,Skin
2021-05-07_18.22.27_Region3_tile23.png,Skin
2021-07-14_20.01.02_Region24_tile1.png,Skin
2021-07-12_17.01.28_Region2_tile39.png,Skin
2021-07-14_19.58.43_Region2_tile17.png,Skin
2021-07-14_19.58.43_Region3_tile61.png,Skin
2021-05-07_18.22.27_Region1_tile62.png,Skin
2021-07-12_17.01.28_Region5_tile1.png,Skin
2021-07-14_19.44.36_Region3_tile29.png,Skin
2021-07-14_19.58.43_Region2_tile10.png,Skin
H2018028863S2-9-2_2020-12-23_11_46_45.scn_-_Series_1_Region1_tile2.png,Skin
2021-05-07_18.22.27_Region1_tile65.png,Skin
2021-07-14_19.44.36_Region4_tile36.png,Skin
2021-07-14_20.02.54_Region6_tile7.png,Skin
2021-07-14_19.44.36_Region3_tile55.png,Skin
2021-07-12_17.01.28_Region2_tile42.png,Skin
2021-07-14_19.58.43_Region1_tile27.png,Skin
2021-05-07_18.03.28_Region3_tile7.png,Skin
2021-07-14_19.58.43_Region2_tile2.png,Skin
2021-05-07_18.22.27_Region1_tile19.png,Skin
2021-07-12_17.01.28_Region4_tile8.png,Skin
2021-05-07_18.03.28_Region3_tile30.png,Skin
2021-07-12_16.28.47_Region14_tile1.png,Skin
H2018028863S2-9-2_2020-12-23_11_46_45.scn_-_Series_1_Region14_tile4.png,Skin
2021-05-07_18.22.27_Region3_tile24.png,Skin
2021-07-14_20.01.02_Region24_tile6.png,Skin
2021-07-14_19.58.43_Region3_tile53.png,Skin
2021-07-14_20.02.54_Region1_tile38.png,Skin
2021-07-14_20.01.02_Region8_tile3.png,Skin
2021-07-14_19.58.43_Region2_tile25.png,Skin
2021-07-14_19.58.43_Region4_tile30.png,Skin
2021-07-12_17.01.28_Region8_tile34.png,Skin
ImageCollection_0000079197_2021-01-28_18_07_18.scn_-_Series_1_Region9_tile1.png,Skin
2021-07-14_19.58.43_Region3_tile82.png,Skin
2021-05-07_18.22.27_Region6_tile33.png,Skin
2021-07-14_20.02.54_Region4_tile9.png,Skin
2021-05-07_19.22.18_Region4_tile4.png,Skin
2021-05-07_18.22.27_Region1_tile50.png,Skin
2021-05-07_18.22.27_Region6_tile1.png,Skin
H2018029881S1-1-2_-_2021-07-14_19.28.39_Region4_tile9.png,Skin
2021-07-14_20.02.54_Region1_tile44.png,Skin
2021-07-12_17.01.28_Region8_tile99.png,Skin
2021-07-12_16.28.47_Region1_tile2.png,Skin
2021-07-14_19.58.43_Region2_tile59.png,Skin
2021-07-12_17.01.28_Region8_tile48.png,Skin
2021-05-07_18.22.27_Region3_tile11.png,Skin
2021-07-12_16.28.47_Region17_tile6.png,Skin
2021-05-07_18.03.28_Region5_tile10.png,Skin
2021-05-07_20.27.28_Region1_tile9.png,Skin
2021-07-14_19.58.43_Region3_tile28.png,Skin
2021-07-14_19.58.43_Region1_tile15.png,Skin
2021-07-14_20.02.54_Region5_tile7.png,Skin
2021-05-07_18.22.27_Region6_tile48.png,Skin
2021-05-07_18.22.27_Region3_tile16.png,Skin
2021-07-12_16.28.47_Region17_tile1.png,Skin
2021-07-12_17.01.28_Region7_tile8.png,Skin
2021-05-07_18.03.28_Region5_tile17.png,Skin
2021-07-14_19.58.43_Region3_tile54.png,Skin
2021-07-14_20.01.02_Region8_tile4.png,Skin
2021-07-14_19.58.43_Region4_tile37.png,Skin
2021-07-14_19.58.43_Region2_tile22.png,Skin
2021-07-12_17.01.28_Region8_tile33.png,Skin
2021-07-12_17.01.28_Region4_tile19.png,Skin
2021-07-14_19.44.36_Region3_tile8.png,Skin
2021-05-07_18.22.27_Region6_tile34.png,Skin
2021-05-07_18.22.27_Region1_tile57.png,Skin
2021-05-07_19.22.18_Region4_tile3.png,Skin
2021-07-12_17.01.28_Region12_tile29.png,Skin
2021-05-07_18.22.27_Region6_tile6.png,Skin
2021-07-14_19.58.43_Region3_tile26.png,Skin
2021-07-14_19.58.43_Region5_tile33.png,Skin
2021-05-07_20.27.28_Region1_tile7.png,Skin
2021-07-14_20.02.54_Region4_tile13.png,Skin
2021-07-14_19.58.43_Region4_tile45.png,Skin
2021-07-14_19.58.43_Region2_tile50.png,Skin
2021-07-12_17.01.28_Region8_tile90.png,Skin
2021-07-12_17.01.28_Region8_tile41.png,Skin
2021-07-14_19.58.43_Region2_tile81.png,Skin
2021-07-14_20.02.54_Region5_tile9.png,Skin
2021-05-07_18.22.27_Region3_tile18.png,Skin
2021-05-07_18.03.28_Region5_tile19.png,Skin
2021-07-12_17.01.28_Region11_tile10.png,Skin
2021-07-12_17.01.28_Region7_tile6.png,Skin
2021-05-07_18.22.27_Region1_tile25.png,Skin
2021-07-14_20.01.02_Region32_tile23.png,Skin
2021-07-14_20.02.54_Region1_tile31.png,Skin
2021-07-14_19.58.43_Region4_tile39.png,Skin
H2018028863S2-9-2_2020-12-23_11_46_45.scn_-_Series_1_Region9_tile4.png,Skin
2021-07-14_19.44.36_Region3_tile15.png,Skin
2021-07-12_17.01.28_Region4_tile17.png,Skin
2021-07-14_19.44.36_Region3_tile6.png,Skin
2021-07-12_17.01.28_Region12_tile27.png,Skin
2021-05-07_20.27.28_Region2_tile15.png,Skin
2021-05-07_18.22.27_Region1_tile59.png,Skin
2021-05-07_18.22.27_Region6_tile8.png,Skin
2021-05-07_19.22.18_Region2_tile11.png,Skin
2021-07-14_20.02.54_Region1_tile36.png,Skin
H2018028863S2-9-2_2020-12-23_11_46_45.scn_-_Series_1_Region9_tile3.png,Skin
2021-07-14_19.44.36_Region3_tile12.png,Skin
2021-07-12_17.01.28_Region4_tile10.png,Skin
2021-07-14_19.44.36_Region3_tile1.png,Skin
2021-05-07_18.03.28_Region4_tile14.png,Skin
2021-05-07_20.27.28_Region2_tile12.png,Skin
2021-07-12_17.01.28_Region12_tile20.png,Skin
2021-07-14_20.02.54_Region4_tile7.png,Skin
H2018029881S1-1-2_-_2021-07-14_19.28.39_Region4_tile7.png,Skin
2021-07-14_19.58.43_Region5_tile34.png,Skin
2021-07-14_19.58.43_Region3_tile21.png,Skin
2021-07-14_20.02.54_Region4_tile14.png,Skin
2021-07-14_19.58.43_Region2_tile57.png,Skin
2021-07-14_19.58.43_Region4_tile42.png,Skin
2021-07-12_17.01.28_Region8_tile97.png,Skin
2021-07-12_17.01.28_Region8_tile46.png,Skin
2021-05-07_18.22.27_Region6_tile41.png,Skin
2021-07-12_17.01.28_Region7_tile1.png,Skin
2021-05-07_18.22.27_Region1_tile22.png,Skin
2021-07-14_20.01.02_Region32_tile24.png,Skin
2021-07-12_16.28.47_Region31_tile8.png,Skin
2021-07-14_19.29.44_Region1_tile10.png,Skin
2021-07-14_19.29.44_Region1_tile2.png,Skin
2021-05-07_18.22.27_Region6_tile18.png,Skin
2021-07-14_19.58.43_Region4_tile4.png,Skin
2021-05-07_18.22.27_Region3_tile46.png,Skin
2021-07-14_19.58.43_Region1_tile45.png,Skin
2021-07-14_20.02.54_Region1_tile13.png,Skin
H2018029881S1-1-2_-_2021-07-14_19.28.39_Region2_tile20.png,Skin
2021-07-14_19.44.36_Region3_tile37.png,Skin
2021-07-12_17.01.28_Region2_tile20.png,Skin
2021-07-12_17.01.28_Region4_tile35.png,Skin
2021-07-12_17.01.28_Region9_tile6.png,Skin
2021-07-14_19.29.44_Region2_tile27.png,Skin
2021-07-12_16.28.47_Region18_tile6.png,Skin
2021-05-07_18.22.27_Region6_tile64.png,Skin
2021-07-14_20.02.54_Region1_tile8.png,Skin
H2018029881S1-1-2_-_2021-07-14_19.28.39_Region1_tile8.png,Skin
H2018028863S2-9-2_2020-12-23_11_46_45.scn_-_Series_1_Region7_tile4.png,Skin
2021-05-07_21.28.14_Region2_tile11.png,Skin
2021-07-14_19.58.43_Region2_tile72.png,Skin
2021-05-07_18.03.28_Region4_tile8.png,Skin
2021-07-14_19.58.43_Region1_tile39.png,Skin
2021-07-12_17.01.28_Region11_tile5.png,Skin
2021-07-14_19.58.43_Region5_tile11.png,Skin
2021-07-14_20.02.54_Region4_tile31.png,Skin
H2018029881S1-1-2_-_2021-07-14_19.28.39_Region1_tile17.png,Skin
2021-07-14_20.01.02_Region23_tile9.png,Skin
2021-07-14_19.44.36_Region4_tile28.png,Skin
2021-07-14_19.44.36_Region6_tile15.png,Skin
2021-07-12_17.01.28_Region8_tile63.png,Skin
2021-05-07_18.03.28_Region3_tile29.png,Skin
2021-07-14_19.29.44_Region2_tile20.png,Skin
2021-07-12_16.28.47_Region18_tile1.png,Skin
2021-07-12_17.01.28_Region8_tile8.png,Skin
2021-05-07_18.22.27_Region6_tile63.png,Skin
2021-05-07_18.22.27_Region3_tile7.png,Skin
H2018028863S2-9-2_2020-12-23_11_46_45.scn_-_Series_1_Region7_tile3.png,Skin
2021-07-14_19.58.43_Region2_tile75.png,Skin
2021-07-14_19.58.43_Region5_tile16.png,Skin
2021-07-14_20.02.54_Region4_tile36.png,Skin
2021-07-12_17.01.28_Region9_tile12.png,Skin
H2018029881S1-1-2_-_2021-07-14_19.28.39_Region1_tile10.png,Skin
2021-07-12_17.01.28_Region8_tile64.png,Skin
2021-07-14_19.44.36_Region6_tile12.png,Skin
2021-07-12_17.01.28_Region1_tile10.png,Skin
H2018028863S2-9-2_2020-12-23_11_46_45.scn_-_Series_1_Region12_tile5.png,Skin
2021-07-14_19.29.44_Region1_tile5.png,Skin
2021-07-14_19.29.44_Region1_tile17.png,Skin
2021-07-14_19.58.43_Region4_tile3.png,Skin
2021-07-12_17.01.28_Region2_tile9.png,Skin
2021-05-07_18.22.27_Region3_tile41.png,Skin
2021-05-07_18.03.28_Region5_tile6.png,Skin
2021-07-14_20.02.54_Region3_tile29.png,Skin
2021-05-07_21.28.14_Region1_tile21.png,Skin
2021-07-14_19.58.43_Region1_tile42.png,Skin
2021-07-14_20.02.54_Region1_tile14.png,Skin
ImageCollection_0000079197_2021-01-28_18_07_18.scn_-_Series_1_Region13_tile19.png,Skin
2021-07-14_19.44.36_Region3_tile30.png,Skin
2021-07-12_17.01.28_Region4_tile32.png,Skin
2021-07-12_17.01.28_Region2_tile27.png,Skin
2021-07-12_17.01.28_Region8_tile18.png,Skin
2021-07-12_17.01.28_Region9_tile1.png,Skin
2021-05-07_18.03.28_Region3_tile27.png,Skin
2021-07-14_19.44.36_Region6_tile7.png,Skin
2021-07-14_20.02.54_Region1_tile1.png,Skin
2021-07-12_17.01.28_Region8_tile6.png,Skin
2021-07-14_20.01.02_Region32_tile3.png,Skin
2021-05-07_18.22.27_Region3_tile33.png,Skin
2021-05-07_18.22.27_Region3_tile9.png,Skin
H2018029881S1-1-2_-_2021-07-14_19.28.39_Region1_tile1.png,Skin
2021-07-12_16.28.47_Region5_tile3.png,Skin
2021-07-14_19.58.43_Region1_tile30.png,Skin
2021-05-07_18.03.28_Region4_tile1.png,Skin
2021-07-14_20.02.54_Region4_tile38.png,Skin
2021-07-14_19.58.43_Region5_tile18.png,Skin
2021-07-14_19.44.36_Region4_tile21.png,Skin
2021-07-14_19.44.36_Region3_tile42.png,Skin
2021-07-14_19.58.43_Region5_tile4.png,Skin
2021-07-12_17.01.28_Region4_tile40.png,Skin
H2018029881S1-1-2_-_2021-07-14_19.28.39_Region3_tile23.png,Skin
2021-07-12_16.28.47_Region31_tile1.png,Skin
2021-05-07_21.28.14_Region2_tile5.png,Skin
2021-05-07_18.22.27_Region6_tile11.png,Skin
2021-07-14_19.29.44_Region3_tile24.png,Skin
2021-07-12_17.01.28_Region2_tile7.png,Skin
2021-05-07_18.03.28_Region5_tile8.png,Skin
2021-07-14_19.58.43_Region4_tile12.png,Skin
2021-07-14_20.02.54_Region3_tile27.png,Skin
ImageCollection_0000079197_2021-01-28_18_07_18.scn_-_Series_1_Region13_tile17.png,Skin
2021-07-14_19.58.43_Region3_tile71.png,Skin
2021-07-12_17.01.28_Region8_tile16.png,Skin
2021-07-12_17.01.28_Region2_tile29.png,Skin
2021-07-12_16.28.47_Region31_tile6.png,Skin
2021-05-07_18.22.27_Region1_tile75.png,Skin
2021-05-07_18.22.27_Region3_tile48.png,Skin
2021-05-07_21.28.14_Region2_tile2.png,Skin
2021-07-14_19.58.43_Region4_tile15.png,Skin
2021-05-07_21.28.14_Region1_tile28.png,Skin
2021-07-14_20.02.54_Region3_tile20.png,Skin
2021-07-14_19.58.43_Region3_tile76.png,Skin
H2018028863S2-9-2_2020-12-23_11_46_45.scn_-_Series_1_Region6_tile3.png,Skin
2021-07-12_17.01.28_Region9_tile8.png,Skin
2021-07-14_19.44.36_Region3_tile39.png,Skin
2021-07-14_19.29.44_Region2_tile29.png,Skin
2021-05-07_18.03.28_Region3_tile20.png,Skin
2021-07-12_17.01.28_Region8_tile1.png,Skin
2021-07-14_20.02.54_Region1_tile6.png,Skin
2021-05-07_18.22.27_Region3_tile34.png,Skin
2021-05-07_21.28.14_Region8_tile3.png,Skin
2021-07-14_20.01.02_Region32_tile4.png,Skin
H2018029881S1-1-2_-_2021-07-14_19.28.39_Region1_tile6.png,Skin
2021-07-12_16.28.47_Region5_tile4.png,Skin
2021-07-14_19.58.43_Region1_tile37.png,Skin
2021-05-07_18.03.28_Region4_tile6.png,Skin
2021-07-14_19.44.36_Region4_tile26.png,Skin
2021-07-14_20.01.02_Region23_tile7.png,Skin
H2018029881S1-1-2_-_2021-07-14_19.28.39_Region1_tile19.png,Skin
2021-07-14_19.44.36_Region3_tile45.png,Skin
H2018029881S1-1-2_-_2021-07-14_19.28.39_Region3_tile24.png,Skin
2021-07-12_17.01.28_Region1_tile7.png,Skin
2021-07-14_19.29.44_Region3_tile16.png,Skin
2021-05-07_18.22.27_Region1_tile40.png,Skin
2021-07-12_17.01.28_Region8_tile24.png,Skin
2021-07-14_20.02.54_Region3_tile8.png,Skin
2021-07-14_19.58.43_Region3_tile43.png,Skin
2021-07-14_20.02.54_Region1_tile28.png,Skin
ImageCollection_0000079197_2021-01-28_18_07_18.scn_-_Series_1_Region13_tile25.png,Skin
ImageCollection_0000079196_2021-01-28_18_09_40.scn_-_Series_1_Region30_tile2.png,Skin
2021-07-14_19.58.43_Region2_tile35.png,Skin
H2018029881S1-1-2_-_2021-07-14_19.28.39_Region3_tile8.png,Skin
2021-07-14_20.02.54_Region3_tile15.png,Skin
H2018029881S1-1-2_-_2021-07-14_19.28.39_Region2_tile1.png,Skin
2021-07-14_20.01.02_Region5_tile3.png,Skin
2021-07-12_16.28.47_Region31_tile14.png,Skin
2021-05-07_18.03.28_Region3_tile15.png,Skin
2021-07-14_19.44.36_Region4_tile13.png,Skin
2021-07-14_19.29.44_Region3_tile2.png,Skin
2021-07-14_20.02.54_Region1_tile54.png,Skin
2021-07-12_17.01.28_Region8_tile89.png,Skin
2021-07-14_19.58.43_Region2_tile49.png,Skin
H2018029881S1-1-2_-_2021-07-14_19.28.39_Region2_tile6.png,Skin
2021-07-14_20.01.02_Region5_tile4.png,Skin
2021-07-12_16.28.47_Region31_tile13.png,Skin
2021-05-07_21.28.14_Region10_tile1.png,Skin
2021-05-07_18.03.28_Region3_tile12.png,Skin
2021-07-14_19.29.44_Region3_tile5.png,Skin
2021-07-14_20.02.54_Region1_tile53.png,Skin
2021-07-14_19.29.44_Region3_tile11.png,Skin
2021-05-07_18.22.27_Region6_tile24.png,Skin
2021-05-07_21.28.14_Region1_tile2.png,Skin
2021-05-07_18.22.27_Region1_tile47.png,Skin
2021-07-12_16.28.47_Region44_tile1.png,Skin
2021-07-12_17.01.28_Region8_tile23.png,Skin
2021-07-14_20.01.02_Region13_tile2.png,Skin
2021-07-14_19.44.36_Region4_tile9.png,Skin
ImageCollection_0000079197_2021-01-28_18_07_18.scn_-_Series_1_Region13_tile22.png,Skin
2021-07-14_19.58.43_Region3_tile44.png,Skin
ImageCollection_0000079196_2021-01-28_18_09_40.scn_-_Series_1_Region30_tile5.png,Skin
2021-07-14_19.58.43_Region4_tile27.png,Skin
2021-07-14_19.58.43_Region2_tile32.png,Skin
2021-05-07_18.22.27_Region1_tile7.png,Skin
2021-07-14_20.02.54_Region3_tile12.png,Skin
2021-07-14_20.01.02_Region21_tile11.png,Skin
ImageCollection_0000079246_2021-01-29_18_34_59.scn_-_Series_1_Region3_tile3.png,Skin
2021-07-12_16.28.47_Region14_tile12.png,Skin
H2018029881S1-1-2_-_2021-07-14_19.28.39_Region2_tile8.png,Skin
2021-05-07_18.22.27_Region6_tile56.png,Skin
2021-07-14_19.29.44_Region2_tile15.png,Skin
2021-07-12_17.01.28_Region8_tile51.png,Skin
H2018029881S1-1-2_-_2021-07-14_19.28.39_Region3_tile18.png,Skin
2021-07-12_16.28.47_Region45_tile6.png,Skin
H2018029881S1-1-2_-_2021-07-14_19.28.39_Region1_tile25.png,Skin
2021-07-14_19.58.43_Region3_tile36.png,Skin
2021-07-14_19.58.43_Region5_tile23.png,Skin
2021-07-12_17.01.28_Region12_tile5.png,Skin
2021-07-14_19.58.43_Region2_tile40.png,Skin
2021-07-12_17.01.28_Region8_tile80.png,Skin
2021-05-07_19.22.18_Region4_tile14.png,Skin
2021-07-12_17.01.28_Region8_tile100.png,Skin
2021-07-14_19.29.44_Region2_tile2.png,Skin
2021-05-07_18.22.27_Region1_tile49.png,Skin
2021-07-14_19.29.44_Region1_tile22.png,Skin
2021-07-14_20.02.54_Region3_tile1.png,Skin
2021-07-12_17.01.28_Region2_tile12.png,Skin
ImageCollection_0000079197_2021-01-28_18_07_18.scn_-_Series_1_Region5_tile1.png,Skin
H2018029881S1-1-2_-_2021-07-14_19.28.39_Region2_tile12.png,Skin
2021-07-14_19.44.36_Region4_tile7.png,Skin
2021-07-14_20.02.54_Region1_tile21.png,Skin
2021-05-07_21.28.14_Region1_tile14.png,Skin
2021-05-07_18.22.27_Region1_tile9.png,Skin
H2018029881S1-1-2_-_2021-07-14_19.28.39_Region3_tile1.png,Skin
2021-07-12_16.28.47_Region9_tile10.png,Skin
2021-05-07_19.22.18_Region4_tile13.png,Skin
2021-07-12_17.01.28_Region1_tile9.png,Skin
2021-07-14_20.01.02_Region21_tile7.png,Skin
2021-07-12_17.01.28_Region12_tile30.png,Skin
2021-07-14_19.29.44_Region2_tile5.png,Skin
2021-07-14_19.29.44_Region1_tile25.png,Skin
2021-07-14_20.02.54_Region3_tile6.png,Skin
2021-07-12_17.01.28_Region2_tile15.png,Skin
ImageCollection_0000079197_2021-01-28_18_07_18.scn_-_Series_1_Region5_tile6.png,Skin
H2018029881S1-1-2_-_2021-07-14_19.28.39_Region2_tile15.png,Skin
2021-07-14_20.02.54_Region1_tile26.png,Skin
2021-05-07_21.28.14_Region1_tile13.png,Skin
H2018029881S1-1-2_-_2021-07-14_19.28.39_Region3_tile6.png,Skin
2021-05-07_18.22.27_Region6_tile51.png,Skin
2021-05-07_19.22.18_Region2_tile2.png,Skin
2021-07-14_19.29.44_Region2_tile12.png,Skin
2021-05-07_18.22.27_Region1_tile32.png,Skin
2021-07-12_17.01.28_Region8_tile56.png,Skin
H2018029881S1-1-2_-_2021-07-14_19.28.39_Region1_tile22.png,Skin
2021-07-14_19.58.43_Region5_tile24.png,Skin
2021-07-14_19.58.43_Region3_tile31.png,Skin
2021-07-12_17.01.28_Region12_tile2.png,Skin
2021-07-14_19.58.43_Region2_tile47.png,Skin
2021-07-12_17.01.28_Region8_tile87.png,Skin
2021-07-14_20.02.54_Region1_tile37.png,Skin
2021-07-12_17.01.28_Region4_tile11.png,Skin
2021-07-14_19.44.36_Region3_tile13.png,Skin
2021-05-07_18.03.28_Region4_tile15.png,Skin
2021-07-14_20.02.54_Region4_tile6.png,Skin
2021-05-07_20.27.28_Region2_tile13.png,Skin
2021-07-12_17.01.28_Region12_tile21.png,Skin
H2018029881S1-1-2_-_2021-07-14_19.28.39_Region4_tile6.png,Skin
2021-07-14_19.58.43_Region3_tile20.png,Skin
2021-07-12_17.01.28_Region8_tile96.png,Skin
2021-07-14_19.58.43_Region2_tile56.png,Skin
2021-07-14_19.58.43_Region4_tile43.png,Skin
ImageCollection_0000079249_2021-01-29_18_20_28.scn_-_Series_1_Region1_tile6.png,Skin
2021-05-07_18.22.27_Region6_tile40.png,Skin
2021-05-07_18.22.27_Region1_tile23.png,Skin
2021-07-14_20.01.02_Region32_tile25.png,Skin
2021-07-14_20.02.54_Region4_tile12.png,Skin
2021-07-14_19.58.43_Region3_tile27.png,Skin
2021-07-14_19.58.43_Region5_tile32.png,Skin
2021-05-07_20.27.28_Region1_tile6.png,Skin
2021-07-14_19.58.43_Region4_tile44.png,Skin
2021-07-14_19.58.43_Region2_tile51.png,Skin
2021-07-14_19.58.43_Region2_tile80.png,Skin
2021-07-12_17.01.28_Region8_tile40.png,Skin
2021-07-14_20.02.54_Region5_tile8.png,Skin
ImageCollection_0000079249_2021-01-29_18_20_28.scn_-_Series_1_Region1_tile1.png,Skin
2021-07-12_16.28.47_Region34_tile1.png,Skin
2021-05-07_18.22.27_Region6_tile47.png,Skin
2021-05-07_18.22.27_Region3_tile19.png,Skin
2021-05-07_18.22.27_Region1_tile24.png,Skin
2021-05-07_18.03.28_Region5_tile18.png,Skin
2021-07-12_17.01.28_Region7_tile7.png,Skin
2021-07-14_20.01.02_Region32_tile22.png,Skin
2021-07-14_20.02.54_Region1_tile30.png,Skin
H2018028863S2-9-2_2020-12-23_11_46_45.scn_-_Series_1_Region9_tile5.png,Skin
2021-07-12_17.01.28_Region4_tile16.png,Skin
2021-07-14_19.44.36_Region3_tile14.png,Skin
2021-05-07_18.03.28_Region4_tile12.png,Skin
2021-07-14_19.44.36_Region3_tile7.png,Skin
2021-07-14_20.02.54_Region4_tile1.png,Skin
2021-07-12_17.01.28_Region12_tile26.png,Skin
2021-05-07_18.22.27_Region1_tile58.png,Skin
2021-05-07_18.22.27_Region6_tile9.png,Skin
2021-05-07_19.22.18_Region2_tile10.png,Skin
2021-07-14_20.02.54_Region1_tile42.png,Skin
2021-07-12_16.28.47_Region1_tile4.png,Skin
2021-07-14_19.58.43_Region1_tile14.png,Skin
2021-07-14_20.02.54_Region5_tile6.png,Skin
2021-05-07_18.22.27_Region3_tile17.png,Skin
2021-05-07_18.22.27_Region6_tile49.png,Skin
2021-07-14_19.58.43_Region1_tile3.png,Skin
2021-07-12_17.01.28_Region7_tile9.png,Skin
2021-05-07_18.03.28_Region5_tile16.png,Skin
H2018028863S2-9-2_2020-12-23_11_46_45.scn_-_Series_1_Region8_tile2.png,Skin
2021-07-14_20.01.02_Region8_tile5.png,Skin
2021-07-14_19.58.43_Region3_tile55.png,Skin
2021-07-14_19.58.43_Region4_tile36.png,Skin
2021-07-14_19.58.43_Region2_tile23.png,Skin
2021-07-12_17.01.28_Region4_tile18.png,Skin
2021-07-12_17.01.28_Region8_tile32.png,Skin
2021-07-14_19.58.43_Region3_tile84.png,Skin
2021-05-07_18.22.27_Region6_tile35.png,Skin
2021-07-14_19.44.36_Region3_tile9.png,Skin
2021-05-07_18.22.27_Region1_tile56.png,Skin
2021-07-12_17.01.28_Region12_tile28.png,Skin
2021-05-07_18.22.27_Region6_tile7.png,Skin
2021-07-14_20.01.02_Region8_tile2.png,Skin
2021-07-14_19.58.43_Region3_tile52.png,Skin
2021-07-14_20.02.54_Region1_tile39.png,Skin
2021-07-14_19.58.43_Region2_tile24.png,Skin
2021-07-14_19.58.43_Region4_tile31.png,Skin
2021-07-12_16.28.47_Region35_tile1.png,Skin
2021-05-07_18.22.27_Region6_tile32.png,Skin
2021-07-12_17.01.28_Region10_tile12.png,Skin
2021-05-07_19.22.18_Region4_tile5.png,Skin
2021-05-07_18.22.27_Region1_tile51.png,Skin
2021-07-14_20.02.54_Region4_tile8.png,Skin
H2018029881S1-1-2_-_2021-07-14_19.28.39_Region4_tile8.png,Skin
2021-07-14_20.02.54_Region1_tile45.png,Skin
2021-07-14_19.58.43_Region2_tile58.png,Skin
2021-07-14_19.58.43_Region1_tile13.png,Skin
2021-07-12_17.01.28_Region8_tile98.png,Skin
2021-07-12_16.28.47_Region1_tile3.png,Skin
2021-07-12_17.01.28_Region8_tile49.png,Skin
2021-07-14_20.02.54_Region5_tile1.png,Skin
2021-05-07_18.22.27_Region3_tile10.png,Skin
2021-05-07_18.03.28_Region5_tile11.png,Skin
2021-07-14_19.58.43_Region1_tile4.png,Skin
2021-07-14_19.44.36_Region3_tile28.png,Skin
2021-07-12_16.28.47_Region40_tile1.png,Skin
2021-07-14_20.02.54_Region3_tile31.png,Skin
2021-07-14_19.58.43_Region2_tile11.png,Skin
2021-07-14_19.58.43_Region3_tile67.png,Skin
H2018028863S2-9-2_2020-12-23_11_46_45.scn_-_Series_1_Region1_tile3.png,Skin
2021-05-07_18.22.27_Region1_tile64.png,Skin
2021-07-14_19.29.44_Region3_tile32.png,Skin
2021-07-14_19.44.36_Region4_tile37.png,Skin
2021-07-12_17.01.28_Region2_tile43.png,Skin
2021-07-14_19.44.36_Region3_tile54.png,Skin
2021-07-14_19.58.43_Region1_tile26.png,Skin
2021-05-07_20.27.28_Region2_tile8.png,Skin
2021-05-07_18.03.28_Region3_tile6.png,Skin
2021-05-07_18.03.28_Region5_tile24.png,Skin
2021-07-12_17.01.28_Region4_tile9.png,Skin
2021-07-14_19.58.43_Region2_tile3.png,Skin
2021-05-07_18.22.27_Region1_tile18.png,Skin
2021-07-14_20.01.02_Region24_tile7.png,Skin
2021-05-07_18.22.27_Region3_tile25.png,Skin
H2018028863S2-9-2_2020-12-23_11_46_45.scn_-_Series_1_Region14_tile5.png,Skin
2021-07-14_20.02.54_Region6_tile1.png,Skin
2021-07-14_19.44.36_Region4_tile30.png,Skin
2021-07-12_17.01.28_Region2_tile44.png,Skin
2021-07-14_19.44.36_Region3_tile53.png,Skin
2021-07-14_19.58.43_Region1_tile21.png,Skin
2021-07-14_20.02.54_Region4_tile29.png,Skin
2021-07-14_20.01.02_Region32_tile19.png,Skin
2021-05-07_18.03.28_Region3_tile1.png,Skin
2021-05-07_18.03.28_Region5_tile23.png,Skin
2021-05-07_20.27.28_Region1_tile18.png,Skin
2021-05-07_18.22.27_Region3_tile22.png,Skin
H2018028863S2-9-2_2020-12-23_11_46_45.scn_-_Series_1_Region14_tile2.png,Skin
2021-07-12_17.01.28_Region2_tile38.png,Skin
2021-07-14_20.02.54_Region3_tile36.png,Skin
2021-07-14_19.58.43_Region2_tile16.png,Skin
2021-07-14_19.58.43_Region3_tile60.png,Skin
H2018028863S2-9-2_2020-12-23_11_46_45.scn_-_Series_1_Region1_tile4.png,Skin
2021-05-07_18.22.27_Region1_tile63.png,Skin
2021-07-12_17.01.28_Region8_tile75.png,Skin
2021-07-14_19.58.43_Region2_tile64.png,Skin
2021-07-14_20.02.54_Region4_tile27.png,Skin
2021-05-07_20.27.28_Region2_tile1.png,Skin
2021-07-12_16.28.47_Region9_tile5.png,Skin
2021-07-14_20.01.02_Region32_tile17.png,Skin
2021-05-07_20.27.28_Region1_tile16.png,Skin
2021-07-12_16.28.47_Region14_tile9.png,Skin
2021-05-07_18.22.27_Region6_tile72.png,Skin
2021-07-12_16.28.47_Region41_tile1.png,Skin
2021-07-12_17.01.28_Region4_tile23.png,Skin
2021-07-12_17.01.28_Region2_tile36.png,Skin
2021-07-14_19.44.36_Region3_tile21.png,Skin
2021-07-14_19.58.43_Region2_tile18.png,Skin
2021-07-14_20.02.54_Region3_tile38.png,Skin
2021-05-07_21.28.14_Region1_tile30.png,Skin
ImageCollection_0000079197_2021-01-28_18_07_18.scn_-_Series_1_Region13_tile3.png,Skin
2021-07-12_17.01.28_Region12_tile13.png,Skin
2021-07-12_17.01.28_Region2_tile31.png,Skin
2021-07-12_17.01.28_Region4_tile24.png,Skin
H2018028863S2-9-2_2020-12-23_11_46_45.scn_-_Series_1_Region15_tile2.png,Skin
2021-07-14_19.44.36_Region3_tile26.png,Skin
ImageCollection_0000079197_2021-01-28_18_07_18.scn_-_Series_1_Region13_tile4.png,Skin
2021-07-12_17.01.28_Region12_tile14.png,Skin
2021-07-14_20.02.54_Region6_tile8.png,Skin
2021-07-12_17.01.28_Region8_tile72.png,Skin
2021-07-14_19.58.43_Region2_tile63.png,Skin
2021-05-07_20.27.28_Region2_tile6.png,Skin
2021-07-14_20.02.54_Region4_tile20.png,Skin
2021-07-14_19.58.43_Region3_tile15.png,Skin
2021-07-12_16.28.47_Region9_tile2.png,Skin
2021-07-14_20.01.02_Region32_tile10.png,Skin
2021-05-07_18.03.28_Region3_tile8.png,Skin
2021-07-12_17.01.28_Region4_tile7.png,Skin
2021-05-07_18.22.27_Region1_tile16.png,Skin
2021-05-07_20.27.28_Region1_tile11.png,Skin
